Workbook

Sheet Vragenlijst
A1: Vragenlijst
A3: Voorbeeld competentiegebied | B3: Vul per situatie de corresponderende invulwaarde in bij de best passende competentie beschrijving | F3: Invulinstructie
A4: Voorbeeld competentie | B4: Competentieniveau tot heden | C4: Wenselijk competentieniveau | D4: Invulwaarde | F4: Ieder competentiegebied (6), te herkennen aan de verschillende kleuren, bestaat uit een aantal specifieke competenties. Bepaal voor iedere competentie waar je ambitie (wenselijk competenieniveau) ligt en waar je nu staat (competentieniveau tot heden). - Doe dit door jezelf te scoren op de aangegeven schaal (zie voorbeeld) - Indien je (nu) geen ambitie hebt op een competentie, hou je de score aan die weergeeft wat je competentieniveau tot heden is. Bepaal bij iedere competentie welke beschrijvng het beste past voor de situatie (heden/ wens). Kijk niet alleen naar kennis en kunde, maar ook naar invloedssfeer en mate aan (persoonlijk) leiderschap in je rol bij de klant. Creeer je gewenste profiel aan de hand van je ambitie! En ontwikkel díe competenties die invulling geven aan het verwezenlijken van deze ambitie. Het doel is niet om te toetsen of je wel/ geen goede consultant bent binnen dit domein. Het doel is wel dat je competenties ontwikkelt die bij jouw ambitie passen. Wees realitisch bij het invullen. Alleen dan gebruik je het tot de volle potentie. Succes met invullen!
A5: Voorbeeld competentie beschrijving: Acteert bij klanten op competentie A. | D5: 1
A6: Voorbeeld competentie beschrijving: Acteert bij klanten naast compententie A, ook op competentie B. | B6: 3 | D6: 2
A7: Voorbeeld competentie beschrijving: Acteert bij klanten naast compententie A en B, ook op competentie C. | B7: 3 | C7: 5 | D7: 3
A8: Voorbeeld competentie beschrijving: Acteert bij klanten naast compententie A, B en C, ook op competentie D. | C8: 4 | D8: 4
A9: Voorbeeld competentie beschrijving: Acteert bij klanten naast compententie A, B, C en D, ook op competentie E. | D9: 5
A11: Digital Power basis competenties
A12: Leren & reflecteren | B12: Competentieniveau tot heden | C12: Wenselijk competentieniveau | D12: Invulwaarde
A13: Heeft een groei mindset | D13: 1
A14: Ontvangt positieve en opbouwende feedback met een open houding, is in staat dit voor zelfreflectie te gebruiken, het op te nemen in zijn/ haar eigen ontwikkeling en hier de nodige ontwikkeling op te ondernemen met trainingen en cursussen. | D14: 2
A15: Is naast bovengenoemde externe prikkel (feedback van anderen), in staat zelf kritisch te blijven op eigen kennis en ervaring en het eventueel ontbreken ervan. Neemt hierin de nodige acties en neemt daarin zelf de regie over de eigen ontwikkeling. | D15: 3
A16: Neemt een voorbeeldrol aan in bovengenoemde competenties en draagt deze eveneens actief uit vanuit de begeleidende rol naar juniors en mediors. | D16: 4
A17: Neemt een leidersrol aan in bovengenoemde competenties en draagt deze actief uit vanuit de begeleidersrol en/ of als organisatieverantwoordelijke. | D17: 5
A19: Ondersteunen & samenwerken | B19: Competentieniveau tot heden | C19: Wenselijk competentieniveau | D19: Invulwaarde
A20: Heeft een collegiale mindset | D20: 1
A21: Is behulpzaam en betrokken naar zowel interne als externe collega's | D21: 2
A22: Zoekt actief de samenwerking op. Zowel binnen als buiten het eigen team waarin je (tijdelijk) onderdeel van uitmaakt. | D22: 3
A23: Neemt een voorbeeld rol in bij het zoeken naar samenwerking. Neemt de verantwoordelijkheid op zich om anderen te ondersteunen en de hulp te bieden om ervoor te zorgen dat teamleden zelfredzaam worden in hun werkzaamheden. | D23: 4
A24: … | D24: 5
A26: Ondernemen & resultaatgericht | B26: Competentieniveau tot heden | C26: Wenselijk competentieniveau | D26: Invulwaarde
A27: Heeft een ondernemende & resultaatgerichte mindset | D27: 1
A28: Gericht op effectief handelen en het op tijd opleveren van afgesproken werk, binnen de afgesproken tijd. | D28: 2
A29: Naast bovengenoemde competenties in staat kansen te herkennen en actief te handelen om klanten te helpen en/ of DiP verder te profilen. Is in staat klantdoelstellingen te vertalen naar concrete en praktische acties. | D29: 3
A30: Naast bovengenoemde competenties in staat commerciele activiteiten (zoals het uitbouwen van uren, additionele opdrachten genereren ed.) te verhogen. Ontplooit binnen DiP projecten en overziet en/ of begeleidt deze naar het beoogde resultaat. | D30: 4
A31: Naast bovengenoemde competenties verantwoordelijk voor de ontwikkeling van een specialisme binnen DiP. Incl. het monitoren en marktconform houden van dit specialisme. | D31: 5
A33: Klantgericht | B33: Competentieniveau tot heden | C33: Wenselijk competentieniveau | D33: Invulwaarde
A34: Heeft een klantgerichte mindset | D34: 1
A35: Herkent behoeften en belangen van de klant; stelt zich hulpvaardig op en houdt in het handelen rekening met de behoeften en belangen van de klant. | D35: 2
A36: Denkt naast bovengenoemde competenties, actief mee met de klant. Deelt inzichten in de klantorganisatie binnen DiP om commerciële activiteiten verder uit te kunnen breiden. Streeft daarin actief naar verhoging van klanttevredenheid en kwaliteitsverbetering. | D36: 3
A37: Stimuleert en faciliteert naast bovengenoemde competenties, ook anderen om actief klantgericht te opereren. Is in staat klantactiviteit uit te breiden d.m.v. expertise. Overtreft de verwachtingen van de klant. | D37: 4
A38: Draagt, naast bovengenoemde competenties, de verantwoordelijkheid voor een klantgerichte aanpak. Zet zich in voor het structureel hoogwaardig houden van de klantgerichtheid. | D38: 5
A40: Kennisdeling | B40: Competentieniveau tot heden | C40: Wenselijk competentieniveau | D40: Invulwaarde
A41: Neemt actief kennis op uit de DiP organisatie. | D41: 1
A42: Neemt kennis op uit de DiP organisatie en deelt actief eigen ervaringen met collega's. | D42: 2
A43: Deelt, naast bovengenoemde, actief eigen ervaringen en kennis in DiP meet-ups, peergroups en het geven van trainingen, etc. Draagt kennis eveneens extern uit in meet-ups, conferenties, trainingen, blogs, inspiratiesessies, etc. | D43: 3
A44: Is naast bovengenoemde activiteiten, door verworven kennis en ervaring een vraagbaak voor consultants in zijn/ haar specialisme. En draagt bij aan de teamspirit. | D44: 4
A45: Draagt, naast bovengenoemde activiteiten, eveneens de verantwoordelijkheid over het niveau van kennisdeling. Zorgt ervoor dat kennisdeling op peil blijft qua inhoud en frequentie. | D45: 5
A47: Coaching & begeleiding | B47: Competentieniveau tot heden | C47: Wenselijk competentieniveau | D47: Invulwaarde
A48: Heeft nooit (in)formeel coaching of begeleiding gegeven op professioneel gebied | D48: 1
A49: Heeft één of meerdere trainingen/ cursussen gevolgd over coachen en/ of begeleiden op professioneel gebied. | D49: 2
A50: Heeft (binnen DiP) één of meerdere collega's informeel gecoached en/ of begeleidt op professioneel gebied. | D50: 3
A51: Begeleidt (binnen DiP) formeel één of meerdere junior/ medior consultants op professioneel gebied in hun ontwikkeling. | D51: 4
A52: Begeleidt (binnen DiP) formeel meer dan 4 jaar één of meerdere junior/ medior/ senior consultants op professioeel gebied in hun ontwikkeling. | D52: 5
A54: TWA domein competenties * All skills described for a given seniority level also include description of previous seniority level.
A55: Communication developers/ analysts | B55: Competentieniveau tot heden | C55: Wenselijk competentieniveau | D55: Invulwaarde
A56: Being able to clarify the question behind the question. | D56: 1
A57: Being able to communicate with developers. Being able to manage expectations | D57: 2
A58: Being able to simplify technical content and explain this to the analysts/business stakeholders. | D58: 3
A59: Being able to guide the client into chosing the best possible technical solution. | D59: 4
A60: Is able to lead a team of technical web analist and leads the client towards a robust setup which is viable for the future. Has indepth knowledge of the tooling and able to provide solutions to the team. | D60: 5
A62: Trends / new developments (i.e. ITP , GDPR, GA4, eventbasedtracking, CDP) | B62: Competentieniveau tot heden | C62: Wenselijk competentieniveau | D62: Invulwaarde
A63: Not expected at starter level. | D63: 1
A64: Subscribed to sources of knowledge to get input on developments in the field. Is able to adopt and learn about new developments with help of a more senior consultant(s) and notifying the client of upcomming changes. | D64: 2
A65: Has a basic understanding of the current developments that are happening in the business and is able to notify the client and implement the solutions that are adviced. | D65: 3
A66: Has indepth knowledge on current developments, is able to provide advice to the client, and is able to implement the recommended solution. | D66: 4
A67: Is able to proactively lead big clients through upcomming developments in the market and is able to sufficiently spot the difficulties and impact on the business. Has a level of forsight into the future and can suggest pre-emptive action against predicted events in the future (and can justify those actions). | D67: 5
A69: Requirements | B69: Competentieniveau tot heden | C69: Wenselijk competentieniveau | D69: Invulwaarde
A70: Able to listen in on requirements gathering sessions and grow from shadowing other consultants. | D70: 1
A71: Able to gather basic level requirements after internal briefing. Is able, with help, to translate these requirements into an implementation, and provide aftercare with guidance. | D71: 2
A72: Able to manage the entire flow from requirements gathering, to implementation, to aftercare with guidance. | D72: 3
A73: Able to envision how the requirements would fit into the existing system and lead the client towards what will work best. Being able to weight the requirements to the effort and business impact. Is able to guide starters and juniors. | D73: 4
A74: Able to delegate requirements gathering to others so that one with less seniority can gather requirements to a higher seniority level without their direct presence. aware of the impact it has troughout the business (lines) and is able to bring these together. | D74: 5
B76: Competentieniveau tot heden | C76: Wenselijk competentieniveau | D76: Invulwaarde
D77: 1
D78: 2
D79: 3
D80: 4
D81: 5
B83: Competentieniveau tot heden | C83: Wenselijk competentieniveau | D83: Invulwaarde
D84: 1
D85: 2
D86: 3
D87: 4
D88: 5
B90: Competentieniveau tot heden | C90: Wenselijk competentieniveau | D90: Invulwaarde
D91: 1
D92: 2
D93: 3
D94: 4
D95: 5
A97: TWA Hardskills * All skills described for a given seniority level also include description of previous seniority level.
A98: Analytics (management/ admin) knowledge | B98: Competentieniveau tot heden | C98: Wenselijk competentieniveau | D98: Invulwaarde
A99: Knows which analytics tools exist in the marketplace, knows what analytics tools are used for, and has a basic understanding of at least one analytics tool. | D99: 1
A100: Basic experience with analytics tools and has practical experience with creating dashboard/analyses and some basic knowledge of changing settings in an account. Is aware of basic concepts of data processing such as tracking codes. | D100: 2
A101: Knowledge on how to configure / set up an account (from scratch) and other admin functionalities such as; processing rules, classifications, ip hashing, filters and extensions, plugin/extensions. | D101: 3
A102: Is able to explain the difference between analytics tools and is capable to give advice on the best possible option, and is aware of different trends in the market. | D102: 4
A103: Is able to lead the client through difficult strategic decision making processes regarding analytics tools, and helps DiP and client to increase the knowledge regarding the subject. | D103: 5
A105: Tag management systems | B105: Competentieniveau tot heden | C105: Wenselijk competentieniveau | D105: Invulwaarde
A106: Basic understanding of what a TMS is and what it is used for. | D106: 1
A107: Basic experience with at least one TMS. Knows about data layers, load rules, tags and is able to configure easy tags. | D107: 2
A108: Basic knowledge of libraries, load rules, publishing process. Is able to create tags and publish new functionality. Is able to support others with TMS. | D108: 3
A109: Is able to work with multiple TMS, create tags, publish. Solid knowledge of possibilities of TMS. Is able to teach others with TMS. Knows what happens 'under the hood' and knows about best practice. | D109: 4
A110: Is able to lead the clients through difficult strategic decision making processes regarding TMS tools, and helps DiP and client to increase the knowledge regarding the subject. | D110: 5
A112: Data structures/ tagplans/ datalayer | B112: Competentieniveau tot heden | C112: Wenselijk competentieniveau | D112: Invulwaarde
A113: Basic understanding of what should be specified in a tagplan (events, variables). | D113: 1
A114: Understanding of how to read/document tag plans. Able to define basic analytical data models with adequate guidance. | D114: 2
A115: Able to create data models and document them for developers/clients with a small amount of guidance. | D115: 3
A116: Able to weigh the pros and cons of different data models with the clients needs/existing architecture. Takes input from team into account but able to fully defend ideas. | D116: 4
...

Sheet Theorie
A2: Digital Power Competentiehuis | J2: Competentiegebieden

Sheet Data (NIET BEWERKEN!!)
E1: Digital Power Basic Skills | F1: Digital Power Basic Skills | G1: Digital Power Basic Skills | H1: Digital Power Basic Skills | I1: Digital Power Basic Skills | J1: Digital Power Basic Skills | K1: Domein Skills | L1: Domein Skills | M1: Domein Skills | N1: Domein Skills | O1: Domein Skills | P1: Domein Skills | Q1: Hardskills | R1: Hardskills | S1: Hardskills | T1: Hardskills | U1: Hardskills | V1: Hardskills | W1: Basic Consultancy Skills | X1: Basic Consultancy Skills | Y1: Basic Consultancy Skills | Z1: Basic Consultancy Skills | AA1: Basic Consultancy Skills | AB1: Business Skills | AC1: Business Skills | AD1: Business Skills | AE1: Business Skills | AF1: Business Skills | AG1: Expert Consultancy Skills | AH1: Expert Consultancy Skills | AI1: Expert Consultancy Skills | AJ1: Expert Consultancy Skills | AK1: Expert Consultancy Skills
E2: Leren & reflecteren | F2: Ondersteunen & samenwerken | G2: Ondernemen & resultaatgericht | H2: Klantgericht | I2: Kennisdeling | J2: Coaching & begeleiding | K2: Communication developers/ analysts | L2: Tagging trends in domain | M2: Requirements | Q2: Analytics (management/ admin) knowledge | R2: Tag management | S2: Data structures, tagplan, datalayer | T2: Debugging | U2: Programming | W2: Adviseren | X2: Doortastend & probleemoplossend | Y2: Interpersoonlijk communicatie | Z2: Verwachtings-management | AA2: Schriftelijke en mondelinge communicatie | AB2: Organisatie- en management identificatie | AC2: Strategische conceptualisatie | AD2: Projectmanagement | AE2: Verandermanagement | AF2: Leidinggeven | AG2: Situationele communicatie | AH2: Doelgerichte & effectieve communicatie | AI2: Besluitvaardigheid | AJ2: Overtuigen & beinvloeden | AK2: Opbouwende feedback & slecht nieuws gesprekken
A3: ID | B3: Naam | C3: Functie | D3: Specialisme | E3: 1 | F3: 2 | G3: 3 | H3: 4 | I3: 5 | J3: 6 | K3: 1 | L3: 2 | M3: 3 | N3: 4 | O3: 5 | P3: 6 | Q3: 1 | R3: 2 | S3: 3 | T3: 4 | U3: 5 | V3: 6 | W3: 1 | X3: 2 | Y3: 3 | Z3: 4 | AA3: 5 | AB3: 1 | AC3: 2 | AD3: 3 | AE3: 4 | AF3: 5 | AG3: 1 | AH3: 2 | AI3: 3 | AJ3: 4 | AK3: 5
A4: Huidig
A5: 1 | B5: Jijzelf (verplicht) | E5: =SUM(Vragenlijst!$B13:$B17)/COUNT(Vragenlijst!$B13:$B17) -> #DIV/0! | F5: =SUM(Vragenlijst!$B20:$B24)/COUNT(Vragenlijst!$B20:$B24) -> #DIV/0! | G5: =SUM(Vragenlijst!$B27:$B31)/COUNT(Vragenlijst!$B27:$B31) -> #DIV/0! | H5: =SUM(Vragenlijst!$B34:$B38)/COUNT(Vragenlijst!$B34:$B38) -> #DIV/0! | I5: =SUM(Vragenlijst!$B41:$B45)/COUNT(Vragenlijst!$B41:$B45) -> #DIV/0! | J5: =SUM(Vragenlijst!$B48:$B52)/COUNT(Vragenlijst!$B48:$B52) -> #DIV/0! | K5: =SUM(Vragenlijst!$B56:$B60)/COUNT(Vragenlijst!$B56:$B60) -> #DIV/0! | L5: =SUM(Vragenlijst!$B63:$B67)/COUNT(Vragenlijst!$B63:$B67) -> #DIV/0! | M5: =SUM(Vragenlijst!$B70:$B74)/COUNT(Vragenlijst!$B70:$B74) -> #DIV/0! | N5: =SUM(Vragenlijst!$B77:$B81)/COUNT(Vragenlijst!$B77:$B81) -> #DIV/0! | O5: =SUM(Vragenlijst!$B84:$B88)/COUNT(Vragenlijst!$B84:$B88) -> #DIV/0! | P5: =SUM(Vragenlijst!$B91:$B95)/COUNT(Vragenlijst!$B91:$B95) -> #DIV/0! | Q5: =SUM(Vragenlijst!$B99:$B103)/COUNT(Vragenlijst!$B99:$B103) -> #DIV/0! | R5: =SUM(Vragenlijst!$B106:$B110)/COUNT(Vragenlijst!$B106:$B110) -> #DIV/0! | S5: =SUM(Vragenlijst!$B113:$B117)/COUNT(Vragenlijst!$B113:$B117) -> #DIV/0! | T5: =SUM(Vragenlijst!$B120:$B124)/COUNT(Vragenlijst!$B120:$B124) -> #DIV/0! | U5: =SUM(Vragenlijst!$B127:$B131)/COUNT(Vragenlijst!$B127:$B131) -> #DIV/0! | V5: =SUM(Vragenlijst!$B134:$B138)/COUNT(Vragenlijst!$B134:$B138) -> #DIV/0! | W5: =SUM(Vragenlijst!$B142:$B146)/COUNT(Vragenlijst!$B142:$B146) -> #DIV/0! | X5: =SUM(Vragenlijst!$B149:$B153)/COUNT(Vragenlijst!$B149:$B153) -> #DIV/0! | Y5: =SUM(Vragenlijst!$B156:$B160)/COUNT(Vragenlijst!$B156:$B160) -> #DIV/0! | Z5: =SUM(Vragenlijst!$B163:$B167)/COUNT(Vragenlijst!$B163:$B167) -> #DIV/0! | AA5: =SUM(Vragenlijst!$B170:$B174)/COUNT(Vragenlijst!$B170:$B174) -> #DIV/0! | AB5: =SUM(Vragenlijst!$B178:$B182)/COUNT(Vragenlijst!$B178:$B182) -> #DIV/0! | AC5: =SUM(Vragenlijst!$B185:$B189)/COUNT(Vragenlijst!$B185:$B189) -> #DIV/0! | AD5: =SUM(Vragenlijst!$B192:$B196)/COUNT(Vragenlijst!$B192:$B196) -> #DIV/0! | AE5: =SUM(Vragenlijst!$B199:$B203)/COUNT(Vragenlijst!$B199:$B203) -> #DIV/0! | AF5: =SUM(Vragenlijst!$B206:$B210)/COUNT(Vragenlijst!$B206:$B210) -> #DIV/0! | AG5: =SUM(Vragenlijst!$B214:$B218)/COUNT(Vragenlijst!$B214:$B218) -> #DIV/0! | AH5: =SUM(Vragenlijst!$B221:$B225)/COUNT(Vragenlijst!$B221:$B225) -> #DIV/0! | AI5: =SUM(Vragenlijst!$B228:$B232)/COUNT(Vragenlijst!$B228:$B232) -> #DIV/0! | AJ5: =SUM(Vragenlijst!$B235:$B239)/COUNT(Vragenlijst!$B235:$B239) -> #DIV/0! | AK5: =SUM(Vragenlijst!$B242:$B246)/COUNT(Vragenlijst!$B242:$B246) -> #DIV/0!
A6: 2 | B6: Feedback gever 1 (optioneel)
A7: 3 | B7: Feedback gever 2 (optioneel)
A8: 4
A9: 5
A10: 6
A11: 7
A12: 8
A13: 9
A14: 10
A16: Ambitie
A17: ID | B17: Naam | C17: Functie | D17: Specialisme | E17: 1 | F17: 2 | G17: 3 | H17: 4 | I17: 5 | J17: 6 | K17: 1 | L17: 2 | M17: 3 | N17: 4 | O17: 5 | P17: 6 | Q17: 1 | R17: 2 | S17: 3 | T17: 4 | U17: 5 | V17: 6 | W17: 1 | X17: 2 | Y17: 3 | Z17: 4 | AA17: 5 | AB17: 1 | AC17: 2 | AD17: 3 | AE17: 4 | AF17: 5 | AG17: 1 | AH17: 2 | AI17: 3 | AJ17: 4 | AK17: 5
A18: =A5 -> 1 | B18: =B5 -> Jijzelf (verplicht) | C18: =C5 -> 0 | D18: =D5 -> 0 | E18: =SUM(Vragenlijst!$C13:$C17)/COUNT(Vragenlijst!$C13:$C17) -> #DIV/0! | F18: =SUM(Vragenlijst!$C20:$C24)/COUNT(Vragenlijst!$C20:$C24) -> #DIV/0! | G18: =SUM(Vragenlijst!$C27:$C31)/COUNT(Vragenlijst!$C27:$C31) -> #DIV/0! | H18: =SUM(Vragenlijst!$C34:$C38)/COUNT(Vragenlijst!$C34:$C38) -> #DIV/0! | I18: =SUM(Vragenlijst!$C41:$C45)/COUNT(Vragenlijst!$C41:$C45) -> #DIV/0! | J18: =SUM(Vragenlijst!$C48:$C52)/COUNT(Vragenlijst!$C48:$C52) -> #DIV/0! | K18: =SUM(Vragenlijst!$C56:$C60)/COUNT(Vragenlijst!$C56:$C60) -> #DIV/0! | L18: =SUM(Vragenlijst!$C63:$C67)/COUNT(Vragenlijst!$C63:$C67) -> #DIV/0! | M18: =SUM(Vragenlijst!$C70:$C74)/COUNT(Vragenlijst!$C70:$C74) -> #DIV/0! | N18: =SUM(Vragenlijst!$C77:$C81)/COUNT(Vragenlijst!$C77:$C81) -> #DIV/0! | O18: =SUM(Vragenlijst!$C84:$C88)/COUNT(Vragenlijst!$C84:$C88) -> #DIV/0! | P18: =SUM(Vragenlijst!$C91:$C95)/COUNT(Vragenlijst!$C91:$C95) -> #DIV/0! | Q18: =SUM(Vragenlijst!$C99:$C103)/COUNT(Vragenlijst!$C99:$C103) -> #DIV/0! | R18: =SUM(Vragenlijst!$C106:$C110)/COUNT(Vragenlijst!$C106:$C110) -> #DIV/0! | S18: =SUM(Vragenlijst!$C113:$C117)/COUNT(Vragenlijst!$C113:$C117) -> #DIV/0! | T18: =SUM(Vragenlijst!$C120:$C124)/COUNT(Vragenlijst!$C120:$C124) -> #DIV/0! | U18: =SUM(Vragenlijst!$C127:$C131)/COUNT(Vragenlijst!$C127:$C131) -> #DIV/0! | V18: =SUM(Vragenlijst!$C134:$C138)/COUNT(Vragenlijst!$C134:$C138) -> #DIV/0! | W18: =SUM(Vragenlijst!$C142:$C146)/COUNT(Vragenlijst!$C142:$C146) -> #DIV/0! | X18: =SUM(Vragenlijst!$C149:$C153)/COUNT(Vragenlijst!$C149:$C153) -> #DIV/0! | Y18: =SUM(Vragenlijst!$C156:$C160)/COUNT(Vragenlijst!$C156:$C160) -> #DIV/0! | Z18: =SUM(Vragenlijst!$C163:$C167)/COUNT(Vragenlijst!$C163:$C167) -> #DIV/0! | AA18: =SUM(Vragenlijst!$C170:$C174)/COUNT(Vragenlijst!$C170:$C174) -> #DIV/0! | AB18: =SUM(Vragenlijst!$C178:$C182)/COUNT(Vragenlijst!$C178:$C182) -> #DIV/0! | AC18: =SUM(Vragenlijst!$C185:$C189)/COUNT(Vragenlijst!$C185:$C189) -> #DIV/0! | AD18: =SUM(Vragenlijst!$C192:$C196)/COUNT(Vragenlijst!$C192:$C196) -> #DIV/0! | AE18: =SUM(Vragenlijst!$C199:$C203)/COUNT(Vragenlijst!$C199:$C203) -> #DIV/0! | AF18: =SUM(Vragenlijst!$C206:$C210)/COUNT(Vragenlijst!$C206:$C210) -> #DIV/0! | AG18: =SUM(Vragenlijst!$C214:$C218)/COUNT(Vragenlijst!$C214:$C218) -> #DIV/0! | AH18: =SUM(Vragenlijst!$C221:$C225)/COUNT(Vragenlijst!$C221:$C225) -> #DIV/0! | AI18: =SUM(Vragenlijst!$C228:$C232)/COUNT(Vragenlijst!$C228:$C232) -> #DIV/0! | AJ18: =SUM(Vragenlijst!$C235:$C239)/COUNT(Vragenlijst!$C235:$C239) -> #DIV/0! | AK18: =SUM(Vragenlijst!$C242:$C246)/COUNT(Vragenlijst!$C242:$C246) -> #DIV/0!
A19: =A6 -> 2 | B19: =B6 -> Feedback gever 1 (optioneel) | C19: =C6 -> 0 | D19: =D6 -> 0
A20: =A7 -> 3 | B20: =B7 -> Feedback gever 2 (optioneel) | C20: =C7 -> 0 | D20: =D7 -> 0
A21: =A8 -> 4 | B21: =B8 -> 0 | C21: =C8 -> 0 | D21: =D8 -> 0
A22: =A9 -> 5 | B22: =B9 -> 0 | C22: =C9 -> 0 | D22: =D9 -> 0
A23: =A10 -> 6 | B23: =B10 -> 0 | C23: =C10 -> 0 | D23: =D10 -> 0
A24: =A11 -> 7 | B24: =B11 -> 0 | C24: =C11 -> 0 | D24: =D11 -> 0
A25: =A12 -> 8 | B25: =B12 -> 0 | C25: =C12 -> 0 | D25: =D12 -> 0
A26: =A13 -> 9 | B26: =B13 -> 0 | C26: =C13 -> 0 | D26: =D13 -> 0
A27: =A14 -> 10 | B27: =B14 -> 0 | C27: =C14 -> 0 | D27: =D14 -> 0

Sheet Uitwerking (NIET BEWERKEN!!)
B1: ='Data (NIET BEWERKEN!!)'!E1 -> Digital Power Basic Skills | C1: ='Data (NIET BEWERKEN!!)'!F1 -> Digital Power Basic Skills | D1: ='Data (NIET BEWERKEN!!)'!G1 -> Digital Power Basic Skills | E1: ='Data (NIET BEWERKEN!!)'!H1 -> Digital Power Basic Skills | F1: ='Data (NIET BEWERKEN!!)'!I1 -> Digital Power Basic Skills | G1: ='Data (NIET BEWERKEN!!)'!J1 -> Digital Power Basic Skills | H1: ='Data (NIET BEWERKEN!!)'!K1 -> Domein Skills | I1: ='Data (NIET BEWERKEN!!)'!L1 -> Domein Skills | ... AH1: ='Data (NIET BEWERKEN!!)'!AK1 -> Expert Consultancy Skills
B2: ='Data (NIET BEWERKEN!!)'!E2 -> Leren & reflecteren | C2: ='Data (NIET BEWERKEN!!)'!F2 -> Ondersteunen & samenwerken | D2: ='Data (NIET BEWERKEN!!)'!G2 -> Ondernemen & resultaatgericht | E2: ='Data (NIET BEWERKEN!!)'!H2 -> Klantgericht | F2: ='Data (NIET BEWERKEN!!)'!I2 -> Kennisdeling | G2: ='Data (NIET BEWERKEN!!)'!J2 -> Coaching & begeleiding | H2: ='Data (NIET BEWERKEN!!)'!K2 -> Communication developers/ analysts | I2: ='Data (NIET BEWERKEN!!)'!L2 -> Tagging trends in domain | ... AH2: ='Data (NIET BEWERKEN!!)'!AK2 -> Opbouwende feedback & slecht nieuws gesprekken
B3: 1 | C3: 2 | D3: 3 | E3: 4 | F3: 5 | G3: 6 | H3: 1 | I3: 2 | J3: 3 | K3: 10 | L3: 11 | M3: 12 | N3: 1 | O3: 2 | P3: 3 | Q3: 4 | R3: 5 | S3: 18 | T3: 1 | U3: 2 | V3: 3 | W3: 4 | X3: 5 | Y3: 1 | Z3: 2 | AA3: 3 | AB3: 4 | AC3: 5 | AD3: 1 | AE3: 2 | AF3: 3 | AG3: 4 | AH3: 5
A4: Score op huidig situatie | B4: ='Data (NIET BEWERKEN!!)'!E5 -> #DIV/0! | C4: ='Data (NIET BEWERKEN!!)'!F5 -> #DIV/0! | D4: ='Data (NIET BEWERKEN!!)'!G5 -> #DIV/0! | E4: ='Data (NIET BEWERKEN!!)'!H5 -> #DIV/0! | F4: ='Data (NIET BEWERKEN!!)'!I5 -> #DIV/0! | G4: ='Data (NIET BEWERKEN!!)'!J5 -> #DIV/0! | H4: ='Data (NIET BEWERKEN!!)'!K5 -> #DIV/0! | I4: ='Data (NIET BEWERKEN!!)'!L5 -> #DIV/0! | ... AH4: ='Data (NIET BEWERKEN!!)'!AK5 -> #DIV/0!
A5: Totaal Gem | G5: =AVERAGE(B4:G4) -> #DIV/0! | J5: =AVERAGE(H4:J4) -> #DIV/0! | R5: =AVERAGE(N4:R4) -> #DIV/0! | X5: =AVERAGE(T4:X4) -> #DIV/0! | AC5: =AVERAGE(Y4:AC4) -> #DIV/0! | AH5: =AVERAGE(AD4:AH4) -> #DIV/0!
A7: Score op ambitie | B7: ='Data (NIET BEWERKEN!!)'!E18 -> #DIV/0! | C7: ='Data (NIET BEWERKEN!!)'!F18 -> #DIV/0! | D7: ='Data (NIET BEWERKEN!!)'!G18 -> #DIV/0! | E7: ='Data (NIET BEWERKEN!!)'!H18 -> #DIV/0! | F7: ='Data (NIET BEWERKEN!!)'!I18 -> #DIV/0! | G7: ='Data (NIET BEWERKEN!!)'!J18 -> #DIV/0! | H7: ='Data (NIET BEWERKEN!!)'!K18 -> #DIV/0! | I7: ='Data (NIET BEWERKEN!!)'!L18 -> #DIV/0! | ... AH7: ='Data (NIET BEWERKEN!!)'!AK18 -> #DIV/0!
A8: Totaal Gem | G8: =AVERAGE(B7:G7) -> #DIV/0! | J8: =AVERAGE(H7:J7) -> #DIV/0! | R8: =AVERAGE(N7:R7) -> #DIV/0! | X8: =AVERAGE(T7:X7) -> #DIV/0! | AC8: =AVERAGE(Y7:AC7) -> #DIV/0! | AH8: =AVERAGE(AD7:AH7) -> #DIV/0!
