Workbook

Sheet Theorie
A2: Digital Power Competentiehuis | J2: Competentiegebieden

Sheet Vragenlijst
A1: Vragenlijst
A3: Voorbeeld competentiegebied | B3: Vul per situatie de corresponderende invulwaarde in bij de best passende competentie beschrijving | F3: Invulinstructie
A4: Voorbeeld competentie | B4: Competentieniveau tot heden | C4: Wenselijk competentieniveau | D4: Invulwaarde | F4: Ieder competentiegebied (6), te herkennen aan de verschillende kleuren, bestaat uit een aantal specifieke competenties. Bepaal voor iedere competentie waar je ambitie (wenselijk competenieniveau) ligt en waar je nu staat (competentieniveau tot heden). - Doe dit door jezelf te scoren op de aangegeven schaal (zie voorbeeld) - Indien je (nu) geen ambitie hebt op een competentie, hou je de score aan die weergeeft wat je competentieniveau tot heden is. Bepaal bij iedere competentie welke beschrijvng het beste past voor de situatie (heden/ wens). Kijk niet alleen naar kennis en kunde, maar ook naar invloedssfeer en mate aan (persoonlijk) leiderschap in je rol bij de klant. Creeer je gewenste profiel aan de hand van je ambitie! En ontwikkel díe competenties die invulling geven aan het verwezenlijken van deze ambitie. Het doel is niet om te toetsen of je wel/ geen goede consultant bent binnen dit domein. Het doel is wel dat je competenties ontwikkelt die bij jouw ambitie passen. Wees realitisch bij het invullen. Alleen dan gebruik je het tot de volle potentie. Succes met invullen!
A5: Voorbeeld competentie beschrijving: Acteert bij klanten op competentie A. | D5: 1
A6: Voorbeeld competentie beschrijving: Acteert bij klanten naast compententie A, ook op competentie B. | B6: 3 | D6: 2
A7: Voorbeeld competentie beschrijving: Acteert bij klanten naast compententie A en B, ook op competentie C. | B7: 3 | C7: 5 | D7: 3
A8: Voorbeeld competentie beschrijving: Acteert bij klanten naast compententie A, B en C, ook op competentie D. | C8: 4 | D8: 4
A9: Voorbeeld competentie beschrijving: Acteert bij klanten naast compententie A, B, C en D, ook op competentie E. | D9: 5
A11: Competentiegebied: Digital Power basis competenties
A12: Leren & reflecteren | B12: Competentieniveau tot heden | C12: Wenselijk competentieniveau | D12: Invulwaarde
A13: Heeft een groei mindset | D13: 1
A14: Ontvangt positieve en opbouwende feedback met een open houding, is in staat dit voor zelfreflectie te gebruiken, het op te nemen in zijn/ haar eigen ontwikkeling en hier de nodige ontwikkeling op te ondernemen met trainingen en cursussen. | D14: 2
A15: Is naast bovengenoemde externe prikkel (feedback van anderen), in staat zelf kritisch te blijven op eigen kennis en ervaring en het eventueel ontbreken ervan. Neemt hierin de nodige acties en neemt daarin zelf de regie over de eigen ontwikkeling. | D15: 3
A16: Neemt een voorbeeldrol aan in bovengenoemde competenties en draagt deze eveneens actief uit vanuit de begeleidende rol naar juniors en mediors. | D16: 4
A17: Neemt een leidersrol aan in bovengenoemde competenties en draagt deze actief uit vanuit de begeleidersrol en/ of als organisatieverantwoordelijke. | D17: 5
A19: Ondersteunen & samenwerken | B19: Competentieniveau tot heden | C19: Wenselijk competentieniveau | D19: Invulwaarde
A20: Heeft een collegiale mindset | D20: 1
A21: Is behulpzaam en betrokken naar zowel interne als externe collega's | D21: 2
A22: Zoekt actief de samenwerking op. Zowel binnen als buiten het eigen team waarin je (tijdelijk) onderdeel van uitmaakt. | D22: 3
A23: Neemt een voorbeeld rol in bij het zoeken naar samenwerking. Neemt de verantwoordelijkheid op zich om anderen te ondersteunen en de hulp te bieden om ervoor te zorgen dat teamleden zelfredzaam worden in hun werkzaamheden. | D23: 4
A24: … | D24: 5
A26: Ondernemen & resultaatgericht | B26: Competentieniveau tot heden | C26: Wenselijk competentieniveau | D26: Invulwaarde
A27: Heeft een ondernemende & resultaatgerichte mindset | D27: 1
A28: Gericht op effectief handelen en het op tijd opleveren van afgesproken werk, binnen de afgesproken tijd. | D28: 2
A29: Naast bovengenoemde competenties in staat kansen te herkennen en actief te handelen om klanten te helpen en/ of DiP verder te profilen. Is in staat klantdoelstellingen te vertalen naar concrete en praktische acties. | D29: 3
A30: Naast bovengenoemde competenties in staat commerciele activiteiten (zoals het uitbouwen van uren, additionele opdrachten genereren ed.) te verhogen. Ontplooit binnen DiP projecten en overziet en/ of begeleidt deze naar het beoogde resultaat. | D30: 4
A31: Naast bovengenoemde competenties verantwoordelijk voor de ontwikkeling van een specialisme binnen DiP. Incl. het monitoren en marktconform houden van dit specialisme. | D31: 5
A33: Klantgericht | B33: Competentieniveau tot heden | C33: Wenselijk competentieniveau | D33: Invulwaarde
A34: Heeft een klantgerichte mindset | D34: 1
A35: Herkent behoeften en belangen van de klant; stelt zich hulpvaardig op en houdt in het handelen rekening met de behoeften en belangen van de klant. | D35: 2
A36: Denkt naast bovengenoemde competenties, actief mee met de klant. Deelt inzichten in de klantorganisatie binnen DiP om commerciële activiteiten verder uit te kunnen breiden. Streeft daarin actief naar verhoging van klanttevredenheid en kwaliteitsverbetering. | D36: 3
A37: Stimuleert en faciliteert naast bovengenoemde competenties, ook anderen om actief klantgericht te opereren. Is in staat klantactiviteit uit te breiden d.m.v. expertise. Overtreft de verwachtingen van de klant. | D37: 4
A38: Draagt, naast bovengenoemde competenties, de verantwoordelijkheid voor een klantgerichte aanpak. Zet zich in voor het structureel hoogwaardig houden van de klantgerichtheid. | D38: 5
A40: Kennisdeling | B40: Competentieniveau tot heden | C40: Wenselijk competentieniveau | D40: Invulwaarde
A41: Neemt actief kennis op uit de DiP organisatie. | D41: 1
A42: Neemt kennis op uit de DiP organisatie en deelt actief eigen ervaringen met collega's. | D42: 2
A43: Deelt, naast bovengenoemde, actief eigen ervaringen en kennis in DiP meet-ups, peergroups en het geven van trainingen, etc. Draagt kennis eveneens extern uit in meet-ups, conferenties, trainingen, blogs, inspiratiesessies, etc. | D43: 3
A44: Is naast bovengenoemde activiteiten, door verworven kennis en ervaring een vraagbaak voor consultants in zijn/ haar specialisme. En draagt bij aan de teamspirit. | D44: 4
A45: Draagt, naast bovengenoemde activiteiten, eveneens de verantwoordelijkheid over het niveau van kennisdeling. Zorgt ervoor dat kennisdeling op peil blijft qua inhoud en frequentie. | D45: 5
A47: Coaching & begeleiding | B47: Competentieniveau tot heden | C47: Wenselijk competentieniveau | D47: Invulwaarde
A48: Heeft nooit (in)formeel coaching of begeleiding gegeven op professioneel gebied | D48: 1
A49: Heeft één of meerdere trainingen/ cursussen gevolgd over coachen en/ of begeleiden op professioneel gebied. | D49: 2
A50: Heeft (binnen DiP) één of meerdere collega's informeel gecoached en/ of begeleidt op professioneel gebied. | D50: 3
A51: Begeleidt (binnen DiP) formeel één of meerdere junior/ medior consultants op professioneel gebied in hun ontwikkeling. | D51: 4
A52: Begeleidt (binnen DiP) formeel meer dan 4 jaar één of meerdere junior/ medior/ senior consultants op professioeel gebied in hun ontwikkeling. | D52: 5
A54: Competentiegebied: Data Engineering domein competenties
A55: Domeinkennis | B55: Competentieniveau tot heden | C55: Wenselijk competentieniveau | D55: Invulwaarde
A56: Begrijpt basisconcepten als programmeertalen en data opslag | D56: 1
A57: Begrijpt basisconcepten van cloud computing en ETL | D57: 2
A58: Heeft kennis van datawarehouses, datalakes en distributed processing mbt big data processing en kan de voor- en nadelen van deze technieken beschrijven, is in staat om van een functioneel ontwerp / user story een technisch ontwerp te maken en te implementeren. | D58: 3
A59: Is in staat om in business vraagstukken de data engineering componenten duidelijk te krijgen en om te zetten naar functionele ontwerpen / user stories | D59: 4
A60: Heeft zeer brede kennis op het vlak van data engineering binnen meerdere branches en kan deze bij vrijwel iedere situatie inzetten om een oplossing te bedenken | D60: 5
A62: Data architectuur | B62: Competentieniveau tot heden | C62: Wenselijk competentieniveau | D62: Invulwaarde
A63: Basale kennis over samenwerking en onderscheid verschillende componenten zoals processing environment, operating system, flat file storage en databases | D63: 1
A64: Kennis over automatiseren scripts in cloud omgeving, is in staat om uit de basale componenten de juiste te kiezen voor een data oplossing | D64: 2
A65: Kennis over meer geavanceerde cloud oplossingen als streaming technologie en data lakes en kennis van container software als Docker en Kubernetes, is in staat om bij het ontwerp van de oplossing rekening te houden met projectoverstijgende requirements (architectuur). Kennis over het in productie brengen en onderhouden van machine learning modellen (MLOps). | D65: 3
A66: Is in staat om in een end-to-end keten verbeteringen in de data architectuur voor te stellen en te implementeren | D66: 4
A67: Is in staat om een data architectuur voor een gehele organisatie neer te zetten, hiervoor draagvlak te creeeren en te implementeren | D67: 5
A69: Informatica | B69: Competentieniveau tot heden | C69: Wenselijk competentieniveau | D69: Invulwaarde
A70: Bekend met beginselen van informatica | D70: 1
A71: Is in staat zelfstandig basale oplossingen te ontwikkelen met behulp van scripting en is bekend met veelgebruikte data structuren | D71: 2
A72: Is in staat concepten als object oriented programming (OOP) toe te passen binnen projecten en is bekend met complexere data structuren | D72: 3
A73: Is in staat efficiënte oplossingen te ontwikkelen met technieken als concurrency en parallellisatie | D73: 4
A74: Bovenstaande, maar dan taal / operatingsystem agnostisch (???) | D74: 5
A76: Data governance (+AVG+Ethiek) | B76: Competentieniveau tot heden | C76: Wenselijk competentieniveau | D76: Invulwaarde
A77: Basale kennis over organisaties en het belang van data binnen organisaties | D77: 1
A78: Is in staat om data governance processen te volgen en verbeteringen aan te dragen | D78: 2
A79: Is in staat om te adviseren over en het implementeren van data governance processen binnen de afdeling / functie waar de consultant werkt | D79: 3
A80: Is in staat om te adviseren over en het implementeren van afdelingsoverstijgende data governance processen | D80: 4
A81: Is in staat om data governance processen te introduceren en draagvlak voor introductie ervan te creeeren, organisatiebreed | D81: 5
A83: Data kwaliteit | B83: Competentieniveau tot heden | C83: Wenselijk competentieniveau | D83: Invulwaarde
A84: Kan voorbeelden van datakwaliteitsproblemen geven, zonder per se de oorzaken te kunnen identificeren | D84: 1
A85: Bekend met concepten van data kwaliteit en veelvoorkomende oorzaken, rapporteert over waargenomen datakwaliteitsissues | D85: 2
A86: Kennis van verschillende technieken rondom geautomatiseerde data kwaliteitschecks en implementeert deze | D86: 3
A87: Is in staat om de business impact van slechte datakwaliteit te kwantificeren en te agenderen binnen een afdeling. | D87: 4
A88: Is in staat om breed draagvlak te creeeren voor het verbeteren van de datakwaliteit van de organisatie | D88: 5
A90: Beveiliging | B90: Competentieniveau tot heden | C90: Wenselijk competentieniveau | D90: Invulwaarde
A91: Begrijpt dat hardcoded credentials niet kunnen, en begrijpt het belang van beveiliging met betrekking tot data | D91: 1
A92: Is in staat oplossingen op een veilige en verantwoorde manier te implementeren conform bestaande richtlijnen. Identificeert en rapporteert over waargenomen beveiligingsrisico's. | D92: 2
A93: Begrijpt beveiligingsconcepten rondom netwerk beveiliging en beveiligde opslag van sensitieve gegevens, identificeert grote beveiligingsproblemen en levert mogelijke oplossingen ervoor | D93: 3
A94: Draagt het belang uit van beveiliging rondom data, netwerken, operating systems, identificeert meer obscure beveiligingsproblemen en zorgt voor oplossingen | D94: 4
A95: Kan draagvlak creeeren voor organisatiebrede verbeteringen op gebied van data security en IAM, en lukt om initiatieven ervoor te starten | D95: 5
A97: Competentiegebied: Data Engineering Hardskills
A98: Programmeren | B98: Competentieniveau tot heden | C98: Wenselijk competentieniveau | D98: Invulwaarde
A99: Is in staat met scripting basisfunctionaliteit te implementeren | D99: 1
A100: Basiskennis Python, kan met bijvoorbeeld Pandas data importeren en verwerken. Bekend met basisprincipes GIT. | D100: 2
A101: Kennis van data verwerking frameworks als Spark en Dask, kan concepten als OOP toepassen binnen projecten. In staat met grote teams aan dezelfde repository te werken. Werkt conform bestaande programmeerrichtlijnen. Is in staat geschreven oplossingen om te zetten naar herbruikbare packages. | D101: 3
A102: Wordt door zijn peers bij Digital Power gezien als expert op een van de belangrijke tools / programmeertalen voor data engineering | D102: 4
A103: Wordt door zijn peers in het vakgebied gezien als expert op een van de belangrijke tools / programmeertalen voor data engineering | D103: 5
A105: Data verwerking | B105: Competentieniveau tot heden | C105: Wenselijk competentieniveau | D105: Invulwaarde
A106: Is in staat kleine hoeveelheden data te verwerken met behulp van packages als Pandas | D106: 1
A107: Is in staat productie waardige ETL/ELT code te ontwikkelen | D107: 2
A108: Ervaring van gedistribueerde data verwerkingstechnieken en best practices in verschillende situaties. Bijvoorbeeld data verwerking binnen een data lake en data verwerking binnen een data warehouse. | D108: 3
A109: Heeft ervaring met verschillende technieken voor zowel batch als stream verwerking en is in staat deze in een breed scala aan projecten in te zetten | D109: 4
A110: Goed op de hoogte van de laatste ontwikkelingen op het gebied van data verwerking en netwerk buiten Digital Power met specialisten op data verwerking | D110: 5
A112: Testen en deployments | B112: Competentieniveau tot heden | C112: Wenselijk competentieniveau | D112: Invulwaarde
A113: Is in staat eigen ontwikkelde scripts te debuggen. | D113: 1
A114: Is bekend met de beginselen van CI/CD en geautomatiseerd testen en is in staat (eenvoudige) scripts te debuggen en in productie te brengen in cloud omgevingen met behulp van de web console. Voelt zich comfortabel met GIT. | D114: 2
A115: Opzetten van CI/CD straten en schrijven van unit testen en integratie testen. | D115: 3
A116: Meer ervaren in het gebruik van CI/CD tooling. Is in staat organisaties te adviseren over tooling en deze tooling organisatiebreed te introduceren. | D116: 4
...

Sheet Data (NIET BEWERKEN!!)
E1: Digital Power Basic Skills | F1: Digital Power Basic Skills | G1: Digital Power Basic Skills | H1: Digital Power Basic Skills | I1: Digital Power Basic Skills | J1: Digital Power Basic Skills | K1: Domein Skills | L1: Domein Skills | M1: Domein Skills | N1: Domein Skills | O1: Domein Skills | P1: Domein Skills | Q1: Hardskills | R1: Hardskills | S1: Hardskills | T1: Hardskills | U1: Hardskills | V1: Hardskills | W1: Basic Consultancy Skills | X1: Basic Consultancy Skills | Y1: Basic Consultancy Skills | Z1: Basic Consultancy Skills | AA1: Basic Consultancy Skills | AB1: Business Skills | AC1: Business Skills | AD1: Business Skills | AE1: Business Skills | AF1: Business Skills | AG1: Expert Consultancy Skills | AH1: Expert Consultancy Skills | AI1: Expert Consultancy Skills | AJ1: Expert Consultancy Skills | AK1: Expert Consultancy Skills
E2: Leren & reflecteren | F2: Ondersteunen & samenwerken | G2: Ondernemen & resultaatgericht | H2: Klantgericht | I2: Kennisdeling | J2: Coaching & begeleiding | K2: Domeinkennis | L2: Data architectuur | M2: Informatica | N2: Data governance (+AVG +ethiek) | O2: Data kwaliteit | P2: Beveiliging | Q2: Programmeren | R2: Data verwerking | S2: Testen en deployments | T2: Infrastructuur en cloud oplossingen | U2: Data modelleren | V2: Virtualisatie en containerisatie | W2: Adviseren | X2: Doortastend & probleemoplossend | Y2: Interpersoonlijk communicatie | Z2: Verwachtingsmanagement | AA2: Schriftelijke en mondelinge communicatie | AB2: Organisatie- en managementidentificatie | AC2: Strategische conceptualisatie | AD2: Projectmanagement | AE2: Verandermanagement | AF2: Leidinggeven | AG2: Situationele communicatie | AH2: Doelgerichte & effectieve communicatie | AI2: Besluitvaardigheid | AJ2: Overtuigen & beinvloeden | AK2: Opbouwende feedback & slecht nieuws gesprekken
A3: ID | B3: Naam | C3: Functie | D3: Specialisme | E3: 1 | F3: 2 | G3: 3 | H3: 4 | I3: 5 | J3: 6 | K3: 1 | L3: 2 | M3: 3 | N3: 4 | O3: 5 | P3: 6 | Q3: 1 | R3: 2 | S3: 3 | T3: 4 | U3: 5 | V3: 6 | W3: 1 | X3: 2 | Y3: 3 | Z3: 4 | AA3: 5 | AB3: 1 | AC3: 2 | AD3: 3 | AE3: 4 | AF3: 5 | AG3: 1 | AH3: 2 | AI3: 3 | AJ3: 4 | AK3: 5
A4: Huidig
A5: 1 | B5: Jijzelf (verplicht) | E5: =SUM(Vragenlijst!$B13:$B17)/COUNT(Vragenlijst!$B13:$B17) -> #DIV/0! | F5: =SUM(Vragenlijst!$B20:$B24)/COUNT(Vragenlijst!$B20:$B24) -> #DIV/0! | G5: =SUM(Vragenlijst!$B27:$B31)/COUNT(Vragenlijst!$B27:$B31) -> #DIV/0! | H5: =SUM(Vragenlijst!$B34:$B38)/COUNT(Vragenlijst!$B34:$B38) -> #DIV/0! | I5: =SUM(Vragenlijst!$B41:$B45)/COUNT(Vragenlijst!$B41:$B45) -> #DIV/0! | J5: =SUM(Vragenlijst!$B48:$B52)/COUNT(Vragenlijst!$B48:$B52) -> #DIV/0! | K5: =SUM(Vragenlijst!$B56:$B60)/COUNT(Vragenlijst!$B56:$B60) -> #DIV/0! | L5: =SUM(Vragenlijst!$B63:$B67)/COUNT(Vragenlijst!$B63:$B67) -> #DIV/0! | M5: =SUM(Vragenlijst!$B70:$B74)/COUNT(Vragenlijst!$B70:$B74) -> #DIV/0! | N5: =SUM(Vragenlijst!$B77:$B81)/COUNT(Vragenlijst!$B77:$B81) -> #DIV/0! | O5: =SUM(Vragenlijst!$B84:$B88)/COUNT(Vragenlijst!$B84:$B88) -> #DIV/0! | P5: =SUM(Vragenlijst!$B91:$B95)/COUNT(Vragenlijst!$B91:$B95) -> #DIV/0! | Q5: =SUM(Vragenlijst!$B99:$B103)/COUNT(Vragenlijst!$B99:$B103) -> #DIV/0! | R5: =SUM(Vragenlijst!$B106:$B110)/COUNT(Vragenlijst!$B106:$B110) -> #DIV/0! | S5: =SUM(Vragenlijst!$B113:$B117)/COUNT(Vragenlijst!$B113:$B117) -> #DIV/0! | T5: =SUM(Vragenlijst!$B120:$B124)/COUNT(Vragenlijst!$B120:$B124) -> #DIV/0! | U5: =SUM(Vragenlijst!$B127:$B131)/COUNT(Vragenlijst!$B134:$B138) -> #DIV/0! | V5: =SUM(Vragenlijst!$B134:$B138)/COUNT(Vragenlijst!$B134:$B138) -> #DIV/0! | W5: =SUM(Vragenlijst!$B142:$B146)/COUNT(Vragenlijst!$B142:$B146) -> #DIV/0! | X5: =SUM(Vragenlijst!$B149:$B153)/COUNT(Vragenlijst!$B149:$B153) -> #DIV/0! | Y5: =SUM(Vragenlijst!$B156:$B160)/COUNT(Vragenlijst!$B156:$B160) -> #DIV/0! | Z5: =SUM(Vragenlijst!$B163:$B167)/COUNT(Vragenlijst!$B163:$B167) -> #DIV/0! | AA5: =SUM(Vragenlijst!$B170:$B174)/COUNT(Vragenlijst!$B170:$B174) -> #DIV/0! | AB5: =SUM(Vragenlijst!$B178:$B182)/COUNT(Vragenlijst!$B178:$B182) -> #DIV/0! | AC5: =SUM(Vragenlijst!$B185:$B189)/COUNT(Vragenlijst!$B185:$B189) -> #DIV/0! | AD5: =SUM(Vragenlijst!$B192:$B196)/COUNT(Vragenlijst!$B192:$B196) -> #DIV/0! | AE5: =SUM(Vragenlijst!$B199:$B203)/COUNT(Vragenlijst!$B199:$B203) -> #DIV/0! | AF5: =SUM(Vragenlijst!$B206:$B210)/COUNT(Vragenlijst!$B206:$B210) -> #DIV/0! | AG5: =SUM(Vragenlijst!$B214:$B218)/COUNT(Vragenlijst!$B214:$B218) -> #DIV/0! | AH5: =SUM(Vragenlijst!$B221:$B225)/COUNT(Vragenlijst!$B221:$B225) -> #DIV/0! | AI5: =SUM(Vragenlijst!$B228:$B232)/COUNT(Vragenlijst!$B228:$B232) -> #DIV/0! | AJ5: =SUM(Vragenlijst!$B235:$B239)/COUNT(Vragenlijst!$B235:$B239) -> #DIV/0! | AK5: =SUM(Vragenlijst!$B242:$B246)/COUNT(Vragenlijst!$B242:$B246) -> #DIV/0!
A6: 2 | B6: Feedback gever 1 (optioneel)
A7: 3 | B7: Feedback gever 2 (optioneel)
A8: 4
A9: 5
A10: 6
A11: 7
A12: 8
A13: 9
A14: 10
A16: Ambitie
A17: ID | B17: Naam | C17: Functie | D17: Specialisme | E17: 1 | F17: 2 | G17: 3 | H17: 4 | I17: 5 | J17: 6 | K17: 1 | L17: 2 | M17: 3 | N17: 4 | O17: 5 | P17: 6 | Q17: 1 | R17: 2 | S17: 3 | T17: 4 | U17: 5 | V17: 6 | W17: 1 | X17: 2 | Y17: 3 | Z17: 4 | AA17: 5 | AB17: 1 | AC17: 2 | AD17: 3 | AE17: 4 | AF17: 5 | AG17: 1 | AH17: 2 | AI17: 3 | AJ17: 4 | AK17: 5
A18: =A5 -> 1 | B18: =B5 -> Jijzelf (verplicht) | C18: =C5 -> 0 | D18: =D5 -> 0 | E18: =SUM(Vragenlijst!$C13:$C17)/COUNT(Vragenlijst!$C13:$C17) -> #DIV/0! | F18: =SUM(Vragenlijst!$C20:$C24)/COUNT(Vragenlijst!$C20:$C24) -> #DIV/0! | G18: =SUM(Vragenlijst!$C27:$C31)/COUNT(Vragenlijst!$C27:$C31) -> #DIV/0! | H18: =SUM(Vragenlijst!$C34:$C38)/COUNT(Vragenlijst!$C34:$C38) -> #DIV/0! | I18: =SUM(Vragenlijst!$C41:$C45)/COUNT(Vragenlijst!$C41:$C45) -> #DIV/0! | J18: =SUM(Vragenlijst!$C48:$C52)/COUNT(Vragenlijst!$C48:$C52) -> #DIV/0! | K18: =SUM(Vragenlijst!$C56:$C60)/COUNT(Vragenlijst!$C56:$C60) -> #DIV/0! | L18: =SUM(Vragenlijst!$C63:$C67)/COUNT(Vragenlijst!$C63:$C67) -> #DIV/0! | M18: =SUM(Vragenlijst!$C70:$C74)/COUNT(Vragenlijst!$C70:$C74) -> #DIV/0! | N18: =SUM(Vragenlijst!$C77:$C81)/COUNT(Vragenlijst!$C77:$C81) -> #DIV/0! | O18: =SUM(Vragenlijst!$C84:$C88)/COUNT(Vragenlijst!$C84:$C88) -> #DIV/0! | P18: =SUM(Vragenlijst!$C91:$C95)/COUNT(Vragenlijst!$C91:$C95) -> #DIV/0! | Q18: =SUM(Vragenlijst!$C99:$C103)/COUNT(Vragenlijst!$C99:$C103) -> #DIV/0! | R18: =SUM(Vragenlijst!$C106:$C110)/COUNT(Vragenlijst!$C106:$C110) -> #DIV/0! | S18: =SUM(Vragenlijst!$C113:$C117)/COUNT(Vragenlijst!$C113:$C117) -> #DIV/0! | T18: =SUM(Vragenlijst!$C120:$C124)/COUNT(Vragenlijst!$C120:$C124) -> #DIV/0! | U18: =SUM(Vragenlijst!$C127:$C131)/COUNT(Vragenlijst!$C127:$C131) -> #DIV/0! | V18: =SUM(Vragenlijst!$C134:$C138)/COUNT(Vragenlijst!$C134:$C138) -> #DIV/0! | W18: =SUM(Vragenlijst!$C142:$C146)/COUNT(Vragenlijst!$C142:$C146) -> #DIV/0! | X18: =SUM(Vragenlijst!$C149:$C153)/COUNT(Vragenlijst!$C149:$C153) -> #DIV/0! | Y18: =SUM(Vragenlijst!$C156:$C160)/COUNT(Vragenlijst!$C156:$C160) -> #DIV/0! | Z18: =SUM(Vragenlijst!$C163:$C167)/COUNT(Vragenlijst!$C163:$C167) -> #DIV/0! | AA18: =SUM(Vragenlijst!$C170:$C174)/COUNT(Vragenlijst!$C170:$C174) -> #DIV/0! | AB18: =SUM(Vragenlijst!$C178:$C182)/COUNT(Vragenlijst!$C178:$C182) -> #DIV/0! | AC18: =SUM(Vragenlijst!$C185:$C189)/COUNT(Vragenlijst!$C185:$C189) -> #DIV/0! | AD18: =SUM(Vragenlijst!$C192:$C196)/COUNT(Vragenlijst!$C192:$C196) -> #DIV/0! | AE18: =SUM(Vragenlijst!$C199:$C203)/COUNT(Vragenlijst!$C199:$C203) -> #DIV/0! | AF18: =SUM(Vragenlijst!$C206:$C210)/COUNT(Vragenlijst!$C206:$C210) -> #DIV/0! | AG18: =SUM(Vragenlijst!$C214:$C218)/COUNT(Vragenlijst!$C214:$C218) -> #DIV/0! | AH18: =SUM(Vragenlijst!$C221:$C225)/COUNT(Vragenlijst!$C221:$C225) -> #DIV/0! | AI18: =SUM(Vragenlijst!$C228:$C232)/COUNT(Vragenlijst!$C228:$C232) -> #DIV/0! | AJ18: =SUM(Vragenlijst!$C235:$C239)/COUNT(Vragenlijst!$C235:$C239) -> #DIV/0! | AK18: =SUM(Vragenlijst!$C242:$C246)/COUNT(Vragenlijst!$C242:$C246) -> #DIV/0!
A19: =A6 -> 2 | B19: =B6 -> Feedback gever 1 (optioneel) | C19: =C6 -> 0 | D19: =D6 -> 0
A20: =A7 -> 3 | B20: =B7 -> Feedback gever 2 (optioneel) | C20: =C7 -> 0 | D20: =D7 -> 0
A21: =A8 -> 4 | B21: =B8 -> 0 | C21: =C8 -> 0 | D21: =D8 -> 0
A22: =A9 -> 5 | B22: =B9 -> 0 | C22: =C9 -> 0 | D22: =D9 -> 0
A23: =A10 -> 6 | B23: =B10 -> 0 | C23: =C10 -> 0 | D23: =D10 -> 0
A24: =A11 -> 7 | B24: =B11 -> 0 | C24: =C11 -> 0 | D24: =D11 -> 0
A25: =A12 -> 8 | B25: =B12 -> 0 | C25: =C12 -> 0 | D25: =D12 -> 0
A26: =A13 -> 9 | B26: =B13 -> 0 | C26: =C13 -> 0 | D26: =D13 -> 0
A27: =A14 -> 10 | B27: =B14 -> 0 | C27: =C14 -> 0 | D27: =D14 -> 0

Sheet Uitwerking (NIET BEWERKEN!!)
B1: ='Data (NIET BEWERKEN!!)'!E1 -> Digital Power Basic Skills | C1: ='Data (NIET BEWERKEN!!)'!F1 -> Digital Power Basic Skills | D1: ='Data (NIET BEWERKEN!!)'!G1 -> Digital Power Basic Skills | E1: ='Data (NIET BEWERKEN!!)'!H1 -> Digital Power Basic Skills | F1: ='Data (NIET BEWERKEN!!)'!I1 -> Digital Power Basic Skills | G1: ='Data (NIET BEWERKEN!!)'!J1 -> Digital Power Basic Skills | H1: ='Data (NIET BEWERKEN!!)'!K1 -> Domein Skills | I1: ='Data (NIET BEWERKEN!!)'!L1 -> Domein Skills | ... AH1: ='Data (NIET BEWERKEN!!)'!AK1 -> Expert Consultancy Skills
B2: ='Data (NIET BEWERKEN!!)'!E2 -> Leren & reflecteren | C2: ='Data (NIET BEWERKEN!!)'!F2 -> Ondersteunen & samenwerken | D2: ='Data (NIET BEWERKEN!!)'!G2 -> Ondernemen & resultaatgericht | E2: ='Data (NIET BEWERKEN!!)'!H2 -> Klantgericht | F2: ='Data (NIET BEWERKEN!!)'!I2 -> Kennisdeling | G2: ='Data (NIET BEWERKEN!!)'!J2 -> Coaching & begeleiding | H2: ='Data (NIET BEWERKEN!!)'!K2 -> Domeinkennis | I2: ='Data (NIET BEWERKEN!!)'!L2 -> Data architectuur | ... AH2: ='Data (NIET BEWERKEN!!)'!AK2 -> Opbouwende feedback & slecht nieuws gesprekken
B3: 1 | C3: 2 | D3: 3 | E3: 4 | F3: 5 | G3: 6 | H3: 7 | I3: 8 | J3: 9 | K3: 10 | L3: 11 | M3: 12 | N3: 13 | O3: 14 | P3: 15 | Q3: 16 | R3: 17 | S3: 18 | T3: 19 | U3: 20 | V3: 21 | W3: 22 | X3: 23 | Y3: 25 | Z3: 26 | AA3: 27 | AB3: 28 | AC3: 29 | AD3: 30 | AE3: 31 | AF3: 32 | AG3: 33 | AH3: 34
A4: Score op huidig situatie | B4: ='Data (NIET BEWERKEN!!)'!E5 -> #DIV/0! | C4: ='Data (NIET BEWERKEN!!)'!F5 -> #DIV/0! | D4: ='Data (NIET BEWERKEN!!)'!G5 -> #DIV/0! | E4: ='Data (NIET BEWERKEN!!)'!H5 -> #DIV/0! | F4: ='Data (NIET BEWERKEN!!)'!I5 -> #DIV/0! | G4: ='Data (NIET BEWERKEN!!)'!J5 -> #DIV/0! | H4: ='Data (NIET BEWERKEN!!)'!K5 -> #DIV/0! | I4: ='Data (NIET BEWERKEN!!)'!L5 -> #DIV/0! | ... AH4: ='Data (NIET BEWERKEN!!)'!AK5 -> #DIV/0!
A5: Totaal Gem | G5: =AVERAGE(B4:G4) -> #DIV/0! | M5: =AVERAGE(H4:M4) -> #DIV/0! | S5: =AVERAGE(N4:S4) -> #DIV/0! | X5: =AVERAGE(T4:X4) -> #DIV/0! | AC5: =AVERAGE(Y4:AC4) -> #DIV/0! | AH5: =AVERAGE(AD4:AH4) -> #DIV/0!
A7: Score op ambitie | B7: ='Data (NIET BEWERKEN!!)'!E18 -> #DIV/0! | C7: ='Data (NIET BEWERKEN!!)'!F18 -> #DIV/0! | D7: ='Data (NIET BEWERKEN!!)'!G18 -> #DIV/0! | E7: ='Data (NIET BEWERKEN!!)'!H18 -> #DIV/0! | F7: ='Data (NIET BEWERKEN!!)'!I18 -> #DIV/0! | G7: ='Data (NIET BEWERKEN!!)'!J18 -> #DIV/0! | H7: ='Data (NIET BEWERKEN!!)'!K18 -> #DIV/0! | I7: ='Data (NIET BEWERKEN!!)'!L18 -> #DIV/0! | ... AH7: ='Data (NIET BEWERKEN!!)'!AK18 -> #DIV/0!
A8: Totaal Gem | G8: =AVERAGE(B7:G7) -> #DIV/0! | M8: =AVERAGE(H7:M7) -> #DIV/0! | S8: =AVERAGE(N7:S7) -> #DIV/0! | X8: =AVERAGE(T7:X7) -> #DIV/0! | AC8: =AVERAGE(Y7:AC7) -> #DIV/0! | AH8: =AVERAGE(AD7:AH7) -> #DIV/0!
