Workbook

Sheet Theorie
A2: Digital Power Competentiehuis | J2: Competentiegebieden

Sheet Vragenlijst
A1: Vragenlijst
A3: Voorbeeld competentiegebied | B3: Vul per situatie de corresponderende invulwaarde in bij de best passende competentie beschrijving | F3: Invulinstructie
A4: Voorbeeld competentie | B4: Competentieniveau tot heden | C4: Wenselijk competentieniveau | D4: Invulwaarde | F4: Ieder competentiegebied (6), te herkennen aan de verschillende kleuren, bestaat uit een aantal specifieke competenties. Bepaal voor iedere competentie waar je ambitie (wenselijk competenieniveau) ligt en waar je nu staat (competentieniveau tot heden). - Doe dit door jezelf te scoren op de aangegeven schaal (zie voorbeeld) - Indien je (nu) geen ambitie hebt op een competentie, hou je de score aan die weergeeft wat je competentieniveau tot heden is. Bepaal bij iedere competentie welke beschrijvng het beste past voor de situatie (heden/ wens). Kijk niet alleen naar kennis en kunde, maar ook naar invloedssfeer en mate aan (persoonlijk) leiderschap in je rol bij de klant. Creeer je gewenste profiel aan de hand van je ambitie! En ontwikkel díe competenties die invulling geven aan het verwezenlijken van deze ambitie. Het doel is niet om te toetsen of je wel/ geen goede consultant bent binnen dit domein. Het doel is wel dat je competenties ontwikkelt die bij jouw ambitie passen. Wees realitisch bij het invullen. Alleen dan gebruik je het tot de volle potentie. Succes met invullen!
A5: Voorbeeld competentie beschrijving: Acteert bij klanten op competentie A. | D5: 1
A6: Voorbeeld competentie beschrijving: Acteert bij klanten naast compententie A, ook op competentie B. | B6: 1 | D6: 2
A7: Voorbeeld competentie beschrijving: Acteert bij klanten naast compententie A en B, ook op competentie C. | B7: 3 | C7: 5 | D7: 3
A8: Voorbeeld competentie beschrijving: Acteert bij klanten naast compententie A, B en C, ook op competentie D. | C8: 4 | D8: 4
A9: Voorbeeld competentie beschrijving: Acteert bij klanten naast compententie A, B, C en D, ook op competentie E. | D9: 5
A11: Competentiegebied: Digital Power basis competenties
A12: Leren & reflecteren | B12: Competentieniveau tot heden | C12: Wenselijk competentieniveau | D12: Invulwaarde
A13: Heeft een groei mindset | B13: 1 | D13: 1
A14: Ontvangt positieve en opbouwende feedback met een open houding, is in staat dit voor zelfreflectie te gebruiken, het op te nemen in zijn/ haar eigen ontwikkeling en hier de nodige ontwikkeling op te ondernemen met trainingen en cursussen. | D14: 2
A15: Is naast bovengenoemde externe prikkel (feedback van anderen), in staat zelf kritisch te blijven op eigen kennis en ervaring en het eventueel ontbreken ervan. Neemt hierin de nodige acties en neemt daarin zelf de regie over de eigen ontwikkeling. | D15: 3
A16: Neemt een voorbeeldrol aan in bovengenoemde competenties en draagt deze eveneens actief uit vanuit de begeleidende rol naar juniors en mediors. | C16: 4 | D16: 4
A17: Neemt een leidersrol aan in bovengenoemde competenties en draagt deze actief uit vanuit de begeleidersrol en/ of als organisatieverantwoordelijke. | D17: 5
A19: Ondersteunen & samenwerken | B19: Competentieniveau tot heden | C19: Wenselijk competentieniveau | D19: Invulwaarde
A20: Heeft een collegiale mindset | D20: 1
A21: Is behulpzaam en betrokken naar zowel interne als externe collega's | D21: 2
A22: Zoekt actief de samenwerking op. Zowel binnen als buiten het eigen team waarin je (tijdelijk) onderdeel van uitmaakt. | D22: 3
A23: Neemt een voorbeeld rol in bij het zoeken naar samenwerking. Neemt de verantwoordelijkheid op zich om anderen te ondersteunen en de hulp te bieden om ervoor te zorgen dat teamleden zelfredzaam worden in hun werkzaamheden. | D23: 4
A24: … | D24: 5
A26: Ondernemen & resultaatgericht | B26: Competentieniveau tot heden | C26: Wenselijk competentieniveau | D26: Invulwaarde
A27: Heeft een ondernemende & resultaatgerichte mindset | D27: 1
A28: Gericht op effectief handelen en het op tijd opleveren van afgesproken werk, binnen de afgesproken tijd. | D28: 2
A29: Naast bovengenoemde competenties in staat kansen te herkennen en actief te handelen om klanten te helpen en/ of DiP verder te profilen. Is in staat klantdoelstellingen te vertalen naar concrete en praktische acties. | D29: 3
A30: Naast bovengenoemde competenties in staat commerciele activiteiten (zoals het uitbouwen van uren, additionele opdrachten genereren ed.) te verhogen. Ontplooit binnen DiP projecten en overziet en/ of begeleidt deze naar het beoogde resultaat. | D30: 4
A31: Naast bovengenoemde competenties verantwoordelijk voor de ontwikkeling van een specialisme binnen DiP. Incl. het monitoren en marktconform houden van dit specialisme. | D31: 5
A33: Klantgericht | B33: Competentieniveau tot heden | C33: Wenselijk competentieniveau | D33: Invulwaarde
A34: Heeft een klantgerichte mindset | D34: 1
A35: Herkent behoeften en belangen van de klant; stelt zich hulpvaardig op en houdt in het handelen rekening met de behoeften en belangen van de klant. | D35: 2
A36: Denkt naast bovengenoemde competenties, actief mee met de klant. Deelt inzichten in de klantorganisatie binnen DiP om commerciële activiteiten verder uit te kunnen breiden. Streeft daarin actief naar verhoging van klanttevredenheid en kwaliteitsverbetering. | D36: 3
A37: Stimuleert en faciliteert naast bovengenoemde competenties, ook anderen om actief klantgericht te opereren. Is in staat klantactiviteit uit te breiden d.m.v. expertise. Overtreft de verwachtingen van de klant. | D37: 4
A38: Draagt, naast bovengenoemde competenties, de verantwoordelijkheid voor een klantgerichte aanpak. Zet zich in voor het structureel hoogwaardig houden van de klantgerichtheid. | D38: 5
A40: Kennisdeling | B40: Competentieniveau tot heden | C40: Wenselijk competentieniveau | D40: Invulwaarde
A41: Neemt actief kennis op uit de DiP organisatie. | D41: 1
A42: Neemt kennis op uit de DiP organisatie en deelt actief eigen ervaringen met collega's. | D42: 2
A43: Deelt, naast bovengenoemde, actief eigen ervaringen en kennis in DiP meet-ups, peergroups en het geven van trainingen, etc. Draagt kennis eveneens extern uit in meet-ups, conferenties, trainingen, blogs, inspiratiesessies, etc. | D43: 3
A44: Is naast bovengenoemde activiteiten, door verworven kennis en ervaring een vraagbaak voor consultants in zijn/ haar specialisme. En draagt bij aan de teamspirit. | D44: 4
A45: Draagt, naast bovengenoemde activiteiten, eveneens de verantwoordelijkheid over het niveau van kennisdeling. Zorgt ervoor dat kennisdeling op peil blijft qua inhoud en frequentie. | D45: 5
A47: Coaching & begeleiding | B47: Competentieniveau tot heden | C47: Wenselijk competentieniveau | D47: Invulwaarde
A48: Heeft nooit (in)formeel coaching of begeleiding gegeven op professioneel gebied | D48: 1
A49: Heeft één of meerdere trainingen/ cursussen gevolgd over coachen en/ of begeleiden op professioneel gebied. | D49: 2
A50: Heeft (binnen DiP) één of meerdere collega's informeel gecoached en/ of begeleidt op professioneel gebied. | D50: 3
A51: Begeleidt (binnen DiP) formeel één of meerdere junior/ medior consultants op professioneel gebied in hun ontwikkeling. | D51: 4
A52: Begeleidt (binnen DiP) formeel meer dan 4 jaar één of meerdere junior/ medior/ senior consultants op professioeel gebied in hun ontwikkeling. | D52: 5
A54: Competentiegebied: Data Analytics domein competenties
A55: Domeinkennis | B55: Competentieniveau tot heden | C55: Wenselijk competentieniveau | D55: Invulwaarde
A56: Heeft opleidingservaring met het verwerken van en interpreteren van data | D56: 1
A57: Heeft enige werkervaring . Kan goed inschatten welke variabelen van belang zijn bij een vraagstuk, hoe deze te valideren, en hoe deze toe te passen | D57: 2
A58: Heeft bij meerdere klanten & werkvelden ervaring opgedaan | D58: 3
A59: Heeft kennis van meerdere disiplines buiten DA en kan voorstellen doen om binnen org synergie te bereiken tussen disicplines | D59: 4
A60: Is actief bezig met het verbeteren van de samenwerking tussen verschillende disiplines binnen organisaties | D60: 5
A62: Metrics, KPI's en doelen | B62: Competentieniveau tot heden | C62: Wenselijk competentieniveau | D62: Invulwaarde
A63: Begrijpt het belang van data en meetbaarheid | D63: 1
A64: Snapt het verschil tussen KPI's en gewone metrics | D64: 2
A65: Kan doelen vertalen naar meetbare KPI's, bijvoorbeeld in de vorm van een KPI framework (north-star, etc) | D65: 3
A66: Neemt actief de verantwoordelijkheid dat de klant, afdeling of collega's sturen op KPI's die aansluiten op bedrijfsdoelen | D66: 4
A67: Is genadeloos in het benadrukken en pushen van organisatie brede kpi's en hoe deze zich manifesteren in de lagere lagen van de organisatie. Loopt niet weg van een discussie omtrent het bespreekbaar maken van (spook)kpi's die invloed hebben op personeel zonder dat deze officeel te boek staan als organisatie-brede kpi | D67: 5
A69: Wiskunde & statistiek | B69: Competentieniveau tot heden | C69: Wenselijk competentieniveau | D69: Invulwaarde
A70: Kent de basis van statistiek, wiskunde en rekenregels | D70: 1
A71: Basiskennis wiskunde (vb. gewogen gemiddelde, bewerkingsvolgorde) Kennis van statistiek (vb. z-test, regressie, significantie) | D71: 2
A72: Weet welke statistische toets of analyse gebruikt moet worden en kan deze zelfstandig uitvoeren | D72: 3
A73: Kan zichzelf profileren als medior data scientist, op statistisch vlak (los van codeerskills) | D73: 4
A74: Kan zichzelf profileren als senior data scientist, op statistisch vlak (los van codeerskills) | D74: 5
A76: Data interpretatie & analyse | B76: Competentieniveau tot heden | C76: Wenselijk competentieniveau | D76: Invulwaarde
A77: Heeft een idee van wat aannames zijn en hoe je deze mogelijk kan toetsen adhv bepaalde variabelen | D77: 1
A78: Maakt correct gebruik van analyse proces | D78: 2
A79: Heeft verschillende analysemethoden toegepast (funnel, clustering, heatmaps) Basiskennis R / Python en mogelijkheden DA Heeft kennis van querytools (sql, big query) | D79: 3
A80: Beargumenteert welke analysemethoden nodig is voor vraagstuk, Zorgt daarbij ook voor het gelijktrekken van definities en meetmethodes , Is verantwoordelijk voor analyseproces en het afdelingsovertijgend advies geven over bedrijfsvoering. Stuurt aan op nieuwe onderzoeksrichtingen en hypotheses. | D80: 4
A81: Is verantwoordelijk voor analyseproces en is pro-actief in het pushen van uniformiteit in meetmethodes en definities binnen org. Zorgt dat actie wordt ondernomen op datagedreven conclusies. Ziet kansen voor organisatiebrede optimalisaties obv analyses. | D81: 5
A83: Dashboarding & reporting | B83: Competentieniveau tot heden | C83: Wenselijk competentieniveau | D83: Invulwaarde
A84: Snapt het doel van een dashboard, kan deze lezen en interpreteren. | D84: 1
A85: houdt zich actief bezig met het visualiseren van data en zoekt altijd naar de beste manier om de data voor zich te laten spreken mbv visualisatierichtlijnen | D85: 2
A86: Houdt zich actief bezig met het overbrengen van data in presentaties/rapportages/dashboards. Kan requirements ophalen bij stakeholders en deze iteratief verwerken. Heeft kennis hoe de adoptie van een dashboard te verhogen. | D86: 3
A87: Test binnen organisaties alle metrics die naar voren komen in presentaties/dashboards/raportages. Waarom willen we dit weten/waarom meten we dit/wat doen we ermee | D87: 4
A88: Adviseert op een actieve manier organisaties om hun kpi's te visualiseren en te rapporteren en hecht belang aan het org-breed beschikbaar maken van deze inzichten | D88: 5
A90: Competentiegebied: Data Analytics Hardskills
A91: Toolkennis | B91: Competentieniveau tot heden | C91: Wenselijk competentieniveau | D91: Invulwaarde
A92: Heeft basiservaring met word/powerpoint/excel of vergelijkbare tools | D92: 1
A93: Heeft werkervaring met 1 à 2 recente analysetools en heeft basiskennis van enkele aanverwante tools, anders dan analysetools (ad management, tag management, AB- testing, voice of customer,etc.) | D93: 2
A94: Heeft werkervaring met meerdere analysetools en is in ten minste 1 hiervan dusdanig bekwaam dat hij/zij er intern/ extern een training over heeft gegeven/kan geven. | D94: 3
A95: Wordt gezien als expert in meerdere recente tools en is dus vaak een aanspreekpunt omtrent vragen over deze tool(s). Heeft tooltrainingen gegeven in meerdere tools of skills. | D95: 4
A96: Heeft naast bovengenoemde, advies gegeven over (aanschaf van) tools | D96: 5
A98: Implementatie & data verzameling | B98: Competentieniveau tot heden | C98: Wenselijk competentieniveau | D98: Invulwaarde
A99: Begrijpt in hoofdlijnen waar data vandaan kan komen (web/app/server/api) | D99: 1
A100: Basiskennis tagging, heeft globaal begrip technische werking web/ app | D100: 2
A101: Kritisch op data/ context/ datakwaliteit Heeft begrip technische werking web/ app Competent in opstellen tagplannen Competent in implementeren tagplannen Kan voorstellen doen over verbeteringen tov deze punten | D101: 3
A102: Ervaring met het toepassen en/of verbeteren en/of implementeren van informatievoorzieningen in grote organisaties (waarbij team overstijgend requirements en afstemming moet plaatsvinden) | D102: 4
A103: Projecten geleid waarbij een organisatie overging/startte met nieuwe implementatie van een data collectie systeem | D103: 5
A105: Data verwerking | B105: Competentieniveau tot heden | C105: Wenselijk competentieniveau | D105: Invulwaarde
A106: Begrijpt de concepten van waar data vandaan kan komen (web/app/server/api) | D106: 1
A107: Weet hoe data bruikbaar gemaakt kan worden voor een analyse of ander doel(visualisatie) en kan dit ook zelf (grotendeels) uitvoeren | D107: 2
A108: Heeft kennis van querytools (vb. SQL, BigQuery) en heeft meerdere databronnen gecombineerd voor analyses | Basiskennis R & python en mogelijkheden met DA | D108: 3
A109: Kan meerdere databronnen zelfstandig combineren en weet deze data op de juiste manier bruikbaar te maken voor analyses | D109: 4
A110: Kan zelf databronnen creeren en aan elkaar koppelen en adviseert organisaties over hoe data het beste beschikbaar te krijgen (richting DE) | D110: 5
A112: Data visualisatie | B112: Competentieniveau tot heden | C112: Wenselijk competentieniveau | D112: Invulwaarde
A113: heeft wel eens data gevisualiseerd in presentaties/word/excel/powerpoint/indesign/etc | D113: 1
A114: Heeft basiskennis van 1 analytics-en visualsatietool (firebase/ga/adobe/etc) | D114: 2
A115: Expert in minstens 1 analytics- en visualisatietool | D115: 3
A116: Heeft met meerdere analytics en visualtietools gewerkt en is op de hoogte van verschillen tussen de tools en kan hierover klanten adviseren welke voor hun het meest geschikt zou zijn | D116: 4
...

Sheet Data (NIET BEWERKEN!!)
E1: 1. Digital Power Basic Skills | F1: 1. Digital Power Basic Skills | G1: 1. Digital Power Basic Skills | H1: 1. Digital Power Basic Skills | I1: 1. Digital Power Basic Skills | J1: 1. Digital Power Basic Skills | K1: 2. Domein Skills | L1: 2. Domein Skills | M1: 2. Domein Skills | N1: 2. Domein Skills | O1: 2. Domein Skills | P1: 3. Hardskills | Q1: 3. Hardskills | R1: 3. Hardskills | S1: 3. Hardskills | T1: 3. Hardskills | U1: 4. Basic Consultancy Skills | V1: 4. Basic Consultancy Skills | W1: 4. Basic Consultancy Skills | X1: 4. Basic Consultancy Skills | Y1: 4. Basic Consultancy Skills | Z1: 5. Business Skills | AA1: 5. Business Skills | AB1: 5. Business Skills | AC1: 5. Business Skills | AD1: 5. Business Skills | AE1: 6. Expert Consultancy Skills | AF1: 6. Expert Consultancy Skills | AG1: 6. Expert Consultancy Skills | AH1: 6. Expert Consultancy Skills | AI1: 6. Expert Consultancy Skills
E2: Leren & reflecteren | F2: Ondersteunen & samenwerken | G2: Ondernemen & resultaatgericht | H2: Klantgericht | I2: Kennisdeling | J2: Coaching & begeleiding | K2: Domein kennis | L2: Metrics, KPIs en doelen | M2: Wiskunde & statistiek | N2: Data interpretatie & analyse | O2: Dashboarding & reporting | P2: Toolkennis | Q2: Implememtatie & data verzameling | R2: Data verwerking | S2: Data visualisatie | T2: Wettelijke & ethische kaders | U2: Adviseren | V2: Doortastend & probleemoplossend | W2: Interpersoonlijk communicatie | X2: Verwachtings-management | Y2: Schriftelijke en mondelinge communicatie | Z2: Organisatie- en management-identificatie | AA2: Strategische conceptualisatie | AB2: Projectmanagement | AC2: Verander-management | AD2: Leidinggeven | AE2: Situationele communicatie | AF2: Doelgerichte & effectieve communicatie | AG2: Besluitvaardigheid | AH2: Overtuigen & beinvloeden | AI2: Opbouwende feedback & slecht nieuws gesprekken
A3: ID | B3: Naam | C3: Functie | D3: Specialisme | E3: 1 | F3: 2 | G3: 3 | H3: 4 | I3: 5 | J3: 6 | K3: 1 | L3: 2 | M3: 3 | N3: 4 | O3: 5 | P3: 1 | Q3: 2 | R3: 3 | S3: 4 | T3: 5 | U3: 1 | V3: 2 | W3: 3 | X3: 4 | Y3: 5 | Z3: 1 | AA3: 2 | AB3: 3 | AC3: 4 | AD3: 5 | AE3: 1 | AF3: 2 | AG3: 3 | AH3: 4 | AI3: 5
A4: Huidig
A5: 1 | B5: Jijzelf (verplicht) | E5: =SUM(Vragenlijst!$B13:$B17)/COUNT(Vragenlijst!$B13:$B17) -> 1 | F5: =SUM(Vragenlijst!$B20:$B24)/COUNT(Vragenlijst!$B20:$B24) -> #DIV/0! | G5: =SUM(Vragenlijst!$B27:$B31)/COUNT(Vragenlijst!$B27:$B31) -> #DIV/0! | H5: =SUM(Vragenlijst!$B34:$B38)/COUNT(Vragenlijst!$B34:$B38) -> #DIV/0! | I5: =SUM(Vragenlijst!$B41:$B45)/COUNT(Vragenlijst!$B41:$B45) -> #DIV/0! | J5: =SUM(Vragenlijst!$B48:$B52)/COUNT(Vragenlijst!$B48:$B52) -> #DIV/0! | K5: =SUM(Vragenlijst!$B56:$B60)/COUNT(Vragenlijst!$B56:$B60) -> #DIV/0! | L5: =SUM(Vragenlijst!$B63:$B67)/COUNT(Vragenlijst!$B63:$B67) -> #DIV/0! | M5: =SUM(Vragenlijst!$B70:$B74)/COUNT(Vragenlijst!$B70:$B74) -> #DIV/0! | N5: =SUM(Vragenlijst!$B77:$B81)/COUNT(Vragenlijst!$B77:$B81) -> #DIV/0! | O5: =SUM(Vragenlijst!$B84:$B88)/COUNT(Vragenlijst!$B84:$B88) -> #DIV/0! | P5: =SUM(Vragenlijst!$B92:$B96)/COUNT(Vragenlijst!$B92:$B96) -> #DIV/0! | Q5: =SUM(Vragenlijst!$B99:$B103)/COUNT(Vragenlijst!$B99:$B103) -> #DIV/0! | R5: =SUM(Vragenlijst!$B106:$B110)/COUNT(Vragenlijst!$B106:$B110) -> #DIV/0! | S5: =SUM(Vragenlijst!$B113:$B117)/COUNT(Vragenlijst!$B113:$B117) -> #DIV/0! | T5: =SUM(Vragenlijst!$B120:$B124)/COUNT(Vragenlijst!$B120:$B124) -> #DIV/0! | U5: =SUM(Vragenlijst!$B128:$B132)/COUNT(Vragenlijst!$B128:$B132) -> #DIV/0! | V5: =SUM(Vragenlijst!$B135:$B139)/COUNT(Vragenlijst!$B135:$B139) -> #DIV/0! | W5: =SUM(Vragenlijst!$B142:$B146)/COUNT(Vragenlijst!$B142:$B146) -> #DIV/0! | X5: =SUM(Vragenlijst!$B149:$B153)/COUNT(Vragenlijst!$B149:$B153) -> #DIV/0! | Y5: =SUM(Vragenlijst!$B156:$B160)/COUNT(Vragenlijst!$B156:$B160) -> #DIV/0! | Z5: =SUM(Vragenlijst!$B164:$B168)/COUNT(Vragenlijst!$B164:$B168) -> #DIV/0! | AA5: =SUM(Vragenlijst!$B171:$B175)/COUNT(Vragenlijst!$B171:$B175) -> #DIV/0! | AB5: =SUM(Vragenlijst!$B178:$B182)/COUNT(Vragenlijst!$B178:$B182) -> #DIV/0! | AC5: =SUM(Vragenlijst!$B185:$B189)/COUNT(Vragenlijst!$B185:$B189) -> #DIV/0! | AD5: =SUM(Vragenlijst!$B192:$B196)/COUNT(Vragenlijst!$B192:$B196) -> #DIV/0! | AE5: =SUM(Vragenlijst!$B200:$B204)/COUNT(Vragenlijst!$B200:$B204) -> #DIV/0! | AF5: =SUM(Vragenlijst!$B207:$B211)/COUNT(Vragenlijst!$B207:$B211) -> #DIV/0! | AG5: =SUM(Vragenlijst!$B214:$B218)/COUNT(Vragenlijst!$B214:$B218) -> #DIV/0! | AH5: =SUM(Vragenlijst!$B221:$B225)/COUNT(Vragenlijst!$B221:$B225) -> #DIV/0! | AI5: =SUM(Vragenlijst!$B228:$B232)/COUNT(Vragenlijst!$B228:$B232) -> #DIV/0!
A6: 2 | B6: Feedback gever 1 (optioneel)
A7: 3 | B7: Feedback gever 2 (optioneel)
A8: 4
A9: 5
A10: 6
A11: 7
A12: 8
A13: 9
A14: 10
A16: Ambitie
A17: ID | B17: Naam | C17: Functie | D17: Specialisme | E17: 1 | F17: 2 | G17: 3 | H17: 4 | I17: 5 | J17: 6 | K17: 1 | L17: 2 | M17: 3 | N17: 4 | O17: 5 | P17: 1 | Q17: 2 | R17: 3 | S17: 4 | T17: 5 | U17: 1 | V17: 2 | W17: 3 | X17: 4 | Y17: 5 | Z17: 1 | AA17: 2 | AB17: 3 | AC17: 4 | AD17: 5 | AE17: 1 | AF17: 2 | AG17: 3 | AH17: 4 | AI17: 5
A18: =A5 -> 1 | B18: =B5 -> Jijzelf (verplicht) | C18: =C5 -> 0 | D18: =D5 -> 0 | E18: =SUM(Vragenlijst!$C13:$C17)/COUNT(Vragenlijst!$C13:$C17) -> 4 | F18: =SUM(Vragenlijst!$C20:$C24)/COUNT(Vragenlijst!$C20:$C24) -> #DIV/0! | G18: =SUM(Vragenlijst!$C27:$C31)/COUNT(Vragenlijst!$C27:$C31) -> #DIV/0! | H18: =SUM(Vragenlijst!$C34:$C38)/COUNT(Vragenlijst!$C34:$C38) -> #DIV/0! | I18: =SUM(Vragenlijst!$C41:$C45)/COUNT(Vragenlijst!$C41:$C45) -> #DIV/0! | J18: =SUM(Vragenlijst!$C48:$C52)/COUNT(Vragenlijst!$C48:$C52) -> #DIV/0! | K18: =SUM(Vragenlijst!$C56:$C60)/COUNT(Vragenlijst!$C56:$C60) -> #DIV/0! | L18: =SUM(Vragenlijst!$C63:$C67)/COUNT(Vragenlijst!$C63:$C67) -> #DIV/0! | M18: =SUM(Vragenlijst!$C70:$C74)/COUNT(Vragenlijst!$C70:$C74) -> #DIV/0! | N18: =SUM(Vragenlijst!$C77:$C81)/COUNT(Vragenlijst!$C77:$C81) -> #DIV/0! | O18: =SUM(Vragenlijst!$C84:$C88)/COUNT(Vragenlijst!$C84:$C88) -> #DIV/0! | P18: =SUM(Vragenlijst!$C92:$C96)/COUNT(Vragenlijst!$C92:$C96) -> #DIV/0! | Q18: =SUM(Vragenlijst!$C99:$C103)/COUNT(Vragenlijst!$C99:$C103) -> #DIV/0! | R18: =SUM(Vragenlijst!$C106:$C110)/COUNT(Vragenlijst!$C106:$C110) -> #DIV/0! | S18: =SUM(Vragenlijst!$C113:$C117)/COUNT(Vragenlijst!$C113:$C117) -> #DIV/0! | T18: =SUM(Vragenlijst!$C120:$C124)/COUNT(Vragenlijst!$C120:$C124) -> #DIV/0! | U18: =SUM(Vragenlijst!$C128:$C132)/COUNT(Vragenlijst!$C128:$C132) -> #DIV/0! | V18: =SUM(Vragenlijst!$C135:$C139)/COUNT(Vragenlijst!$C135:$C139) -> #DIV/0! | W18: =SUM(Vragenlijst!$C142:$C146)/COUNT(Vragenlijst!$C142:$C146) -> #DIV/0! | X18: =SUM(Vragenlijst!$C149:$C153)/COUNT(Vragenlijst!$C149:$C153) -> #DIV/0! | Y18: =SUM(Vragenlijst!$C156:$C160)/COUNT(Vragenlijst!$C156:$C160) -> #DIV/0! | Z18: =SUM(Vragenlijst!$C164:$C168)/COUNT(Vragenlijst!$C164:$C168) -> #DIV/0! | AA18: =SUM(Vragenlijst!$C171:$C175)/COUNT(Vragenlijst!$C171:$C175) -> #DIV/0! | AB18: =SUM(Vragenlijst!$C178:$C182)/COUNT(Vragenlijst!$C178:$C182) -> #DIV/0! | AC18: =SUM(Vragenlijst!$C185:$C189)/COUNT(Vragenlijst!$C185:$C189) -> #DIV/0! | AD18: =SUM(Vragenlijst!$C192:$C196)/COUNT(Vragenlijst!$C192:$C196) -> #DIV/0! | AE18: =SUM(Vragenlijst!$C200:$C204)/COUNT(Vragenlijst!$C200:$C204) -> #DIV/0! | AF18: =SUM(Vragenlijst!$C207:$C211)/COUNT(Vragenlijst!$C207:$C211) -> #DIV/0! | AG18: =SUM(Vragenlijst!$C214:$C218)/COUNT(Vragenlijst!$C214:$C218) -> #DIV/0! | AH18: =SUM(Vragenlijst!$C221:$C225)/COUNT(Vragenlijst!$C221:$C225) -> #DIV/0! | AI18: =SUM(Vragenlijst!$C228:$C232)/COUNT(Vragenlijst!$C228:$C232) -> #DIV/0!
A19: =A6 -> 2 | B19: =B6 -> Feedback gever 1 (optioneel) | C19: =C6 -> 0 | D19: =D6 -> 0
A20: =A7 -> 3 | B20: =B7 -> Feedback gever 2 (optioneel) | C20: =C7 -> 0 | D20: =D7 -> 0
A21: =A8 -> 4 | B21: =B8 -> 0 | C21: =C8 -> 0 | D21: =D8 -> 0
A22: =A9 -> 5 | B22: =B9 -> 0 | C22: =C9 -> 0 | D22: =D9 -> 0
A23: =A10 -> 6 | B23: =B10 -> 0 | C23: =C10 -> 0 | D23: =D10 -> 0
A24: =A11 -> 7 | B24: =B11 -> 0 | C24: =C11 -> 0 | D24: =D11 -> 0
A25: =A12 -> 8 | B25: =B12 -> 0 | C25: =C12 -> 0 | D25: =D12 -> 0
A26: =A13 -> 9 | B26: =B13 -> 0 | C26: =C13 -> 0 | D26: =D13 -> 0
A27: =A14 -> 10 | B27: =B14 -> 0 | C27: =C14 -> 0 | D27: =D14 -> 0

Sheet Uitwerking (NIET BEWERKEN!!)
B1: ='Data (NIET BEWERKEN!!)'!E1 -> 1. Digital Power Basic Skills | C1: ='Data (NIET BEWERKEN!!)'!F1 -> 1. Digital Power Basic Skills | D1: ='Data (NIET BEWERKEN!!)'!G1 -> 1. Digital Power Basic Skills | E1: ='Data (NIET BEWERKEN!!)'!H1 -> 1. Digital Power Basic Skills | F1: ='Data (NIET BEWERKEN!!)'!I1 -> 1. Digital Power Basic Skills | G1: ='Data (NIET BEWERKEN!!)'!J1 -> 1. Digital Power Basic Skills | H1: ='Data (NIET BEWERKEN!!)'!K1 -> 2. Domein Skills | I1: ='Data (NIET BEWERKEN!!)'!L1 -> 2. Domein Skills | ... AF1: ='Data (NIET BEWERKEN!!)'!AI1 -> 6. Expert Consultancy Skills
B2: ='Data (NIET BEWERKEN!!)'!E2 -> Leren & reflecteren | C2: ='Data (NIET BEWERKEN!!)'!F2 -> Ondersteunen & samenwerken | D2: ='Data (NIET BEWERKEN!!)'!G2 -> Ondernemen & resultaatgericht | E2: ='Data (NIET BEWERKEN!!)'!H2 -> Klantgericht | F2: ='Data (NIET BEWERKEN!!)'!I2 -> Kennisdeling | G2: ='Data (NIET BEWERKEN!!)'!J2 -> Coaching & begeleiding | H2: ='Data (NIET BEWERKEN!!)'!K2 -> Domein kennis | I2: ='Data (NIET BEWERKEN!!)'!L2 -> Metrics, KPIs en doelen | ... AF2: ='Data (NIET BEWERKEN!!)'!AI2 -> Opbouwende feedback & slecht nieuws gesprekken
B3: 1 | C3: 2 | D3: 3 | E3: 4 | F3: 5 | G3: 6 | H3: 7 | I3: 8 | J3: 9 | K3: 10 | L3: 11 | M3: 13 | N3: 14 | O3: 15 | P3: 16 | Q3: 17 | R3: 19 | S3: 20 | T3: 21 | U3: 22 | V3: 23 | W3: 25 | X3: 26 | Y3: 27 | Z3: 28 | AA3: 29 | AB3: 30 | AC3: 31 | AD3: 32 | AE3: 33 | AF3: 34
A4: Score op huidig situatie | B4: ='Data (NIET BEWERKEN!!)'!E5 -> 1 | C4: ='Data (NIET BEWERKEN!!)'!F5 -> #DIV/0! | D4: ='Data (NIET BEWERKEN!!)'!G5 -> #DIV/0! | E4: ='Data (NIET BEWERKEN!!)'!H5 -> #DIV/0! | F4: ='Data (NIET BEWERKEN!!)'!I5 -> #DIV/0! | G4: ='Data (NIET BEWERKEN!!)'!J5 -> #DIV/0! | H4: ='Data (NIET BEWERKEN!!)'!K5 -> #DIV/0! | I4: ='Data (NIET BEWERKEN!!)'!L5 -> #DIV/0! | ... AF4: ='Data (NIET BEWERKEN!!)'!AI5 -> #DIV/0!
A5: Totaal Gem | G5: =AVERAGE(B4:G4) -> #DIV/0! | L5: =AVERAGE(H4:L4) -> #DIV/0! | Q5: =AVERAGE(M4:Q4) -> #DIV/0! | V5: =AVERAGE(R4:V4) -> #DIV/0! | AA5: =AVERAGE(W4:AA4) -> #DIV/0! | AF5: =AVERAGE(AB4:AF4) -> #DIV/0!
A7: Score op ambitie | B7: ='Data (NIET BEWERKEN!!)'!E18 -> 4 | C7: ='Data (NIET BEWERKEN!!)'!F18 -> #DIV/0! | D7: ='Data (NIET BEWERKEN!!)'!G18 -> #DIV/0! | E7: ='Data (NIET BEWERKEN!!)'!H18 -> #DIV/0! | F7: ='Data (NIET BEWERKEN!!)'!I18 -> #DIV/0! | G7: ='Data (NIET BEWERKEN!!)'!J18 -> #DIV/0! | H7: ='Data (NIET BEWERKEN!!)'!K18 -> #DIV/0! | I7: ='Data (NIET BEWERKEN!!)'!L18 -> #DIV/0! | ... AF7: ='Data (NIET BEWERKEN!!)'!AI18 -> #DIV/0!
A8: Totaal Gem | G8: =AVERAGE(B7:G7) -> #DIV/0! | L8: =AVERAGE(H7:L7) -> #DIV/0! | Q8: =AVERAGE(M7:Q7) -> #DIV/0! | V8: =AVERAGE(R7:V7) -> #DIV/0! | AA8: =AVERAGE(W7:AA7) -> #DIV/0! | AF8: =AVERAGE(AB7:AF7) -> #DIV/0!
