Workbook

Sheet Theory
A2: Digital Power Competentiehuis | J2: Competentiegebieden

Sheet Questions
A1: Question list
A3: Example competence area | B3: For each situation, enter the corresponding value for the most appropriate competency description | F3: Instructions
A4: Example competency | B4: Competency level to date | C4: Desired competency level | D4: Input value | F4: Each competency area (6), which can be recognized by the different colours, consists of a number of specific competencies. Determine for each competency where your ambition (desired competency level) lies and where you are now (competency level to date). - Do this by scoring yourself on the indicated scale (see example) - If you have no ambition (yet) for a competence, you keep the score that reflects toward your current competency level. Determine for each competency which description best fits the situation (present/desired). Do not only look at knowledge and skills, but also at the sphere of influence and degree of (personal) leadership in your role with the customer. Create your desired profile based on your ambition! And develop those competencies that give substance to the realization of this ambition. The aim is not to test whether or not you are a good consultant within this domain. The goal is that you develop competencies that match your ambition. Be realistic when filling it out. Only then will you use it to its full potential. Good luck!
A5: Competency description example: Acts on competency A with customers. | D5: 1
A6: Competency description example: Acts with customers in addition to competency A, also on competency B. | B6: 3 | D6: 2
A7: Competency description example: Acts with customers in addition to competency A , B, and also on competency C. | B7: 3 | C7: 5 | D7: 3
A8: Competency description example: Acts with customers in addition to competency A, B, C, and also on competency D. | C8: 4 | D8: 4
A9: Competency description example: Acts with customers in addition to competency A, B, C, D and also on competency E. | D9: 5
A11: Digital Power basic competencies
A12: Learning & reflection | B12: Competency level to date | C12: Desired competency level | D12: Input value
A13: Has a growth mindset | D13: 1
A14: Receives positive and constructive feedback with an open attitude, is able to use this for self-reflection, incorporate it into their own development and undertake the necessary development with training and courses. | D14: 2
A15: In addition to the indicated external stimulus (feedback from others), is able to remain critical of their own knowledge and lack of experience. Takes the necessary actions in this respect and takes control of their own development. | D15: 3
A16: Takes on an exemplary role in the previously indicated competencies and also actively promotes them by taking on a guiding role to juniors and mediors. | D16: 4
A17: Takes on a leadership role in the indicated competencies and actively carries this out in the role of supervisor and/or by taking responsibility within the organisation. | D17: 5
A19: Support & collaboration | B19: Competency level to date | C19: Desired competency level | D19: Input value
A20: Has a collaborative mindset | D20: 1
A21: Is helpful and involved with both internal and external colleagues | D21: 2
A22: Actively seeks cooperation. Both within and outside the team that they are (temporarily) part of. | D22: 3
A23: Acts like an example in seeking cooperation. Takes responsibility to support others and provides assistance to ensure team members become self-reliant in their work. | D23: 4
A24: - | D24: 5
A26: Entrepreneurial & result-oriented | B26: Competency level to date | C26: Desired competency level | D26: Input value
A27: Has an entrepreneurial & result-oriented mindset | D27: 1
A28: Focused on acting effectively and delivering agreed work on time, within the agreed timeframe. | D28: 2
A29: In addition to the previously mentioned competencies, is able to recognize opportunities and be proactive in helping customers and/or furthering profile of DiP. Is able to translate customer objectives into concrete and practical actions. | D29: 3
A30: In addition to the previously mentioned competencies, able to increase commercial activities (such as increasing hours, generating additional assignments, etc.). Develops projects within DiP and oversees and/or guides them towards the intended result. | D30: 4
A31: In addition to the previously mentioned competencies, is responsible for the development of a specialism within DiP. This includes ensuring expertise in this domain continuously develops and stays up-to-date with the market. | D31: 5
A33: Customer-oriented | B33: Competency level to date | C33: Desired competency level | D33: Input value
A34: Has a customer-oriented mindset | D34: 1
A35: Recognizes customer needs and interests; adopts a helpful attitude and takes the needs and interests of the customer into account in their work. | D35: 2
A36: In addition to the previously mentioned competencies, actively thinks along with the client. Shares insights of the client organization within DiP in order to further expand commercial activities. Actively strives to increase customer satisfaction and improve quality of work. | D36: 3
A37: In addition to the previously mentioned competencies, stimulates and facilitates others to actively act in a customer-oriented manner. Is able to expand customer activity through expertise. Exceeds customer expectations. | D37: 4
A38: In addition to the previously mentioned competencies, bears responsibility for a customer-oriented approach. Is committed to maintaining a high level of customer focus on a structural basis. | D38: 5
A40: Knowledge sharing | B40: Competency level to date | C40: Desired competency level | D40: Input value
A41: Actively learns from the DiP organisation. | D41: 1
A42: Learns from the DiP organization and actively shares own experiences with colleagues. | D42: 2
A43: In addition to the previously stated competencies, actively shares own experiences and knowledge in DiP meet-ups, peer groups and provides training, etc. Also shares knowledge externally in meet-ups, conferences, training courses, blogs, inspiration sessions, etc. | D43: 3
A44: In addition to the previously stated activities, can act as a source of information for other consultants through acquired knowledge and experience. Also contributes to the team spirit. | D44: 4
A45: In addition to the previously mentioned activities, bears responsibility for the level of knowledge sharing. Ensures that knowledge sharing remains up to date in terms of content and frequency. | D45: 5
A47: Coaching & guidance | B47: Competency level to date | C47: Desired competency level | D47: Input value
A48: Has never (in)formally provided coaching or guidance in a professional field | D48: 1
A49: Has followed one or more trainings/courses about coaching and/or guiding in a professional field. | D49: 2
A50: Has informally coached and/or supervised one or more colleagues (within DiP) in the professional field. | D50: 3
A51: Formally supervises one or more junior/medior consultants (within DiP) in their professional development. | D51: 4
A52: Has formally supervised one or more junior/medior/senior consultants in their professional development (within DiP) for more than 4 years. | D52: 5
A54: Data Science domain competencies
A55: Data quality | B55: Competency level to date | C55: Desired competency level | D55: Input value
A56: Understands data quality and recognizes problems pertaining to this | D56: 1
A57: Can use data analysis to detect data quality issues and communicate them to other data professionals | D57: 2
A58: Can use data analysis to detect and solve data quality issues within their own scope (quality risk assessment and mitigation) and communicate these issues to non-data professionals | D58: 3
A59: Can put data quality issues on the agenda outside your own department | D59: 4
A60: Can initiate solutions and create support within the organization | D60: 5
A62: Data exploration | B62: Competency level to date | C62: Desired competency level | D62: Input value
A63: Is able to describe the characteristics of a structured dataset, recognize variables, and provide insight into important characteristics of single variables (execute) | D63: 1
A64: Is able to combine structured data from different sources and use analyses to illustrate (cor)relations between variables in a dataset, for example bivariate analysis (execute) | D64: 2
A65: Is able to use data exploration to zoom in on and finetune the business question, and adjust if necessary. Knows how to link a suitable technique to an issue and masters new techniques when necessary (e.g. feature engineering, PCA, clustering) (executing and advising) | D65: 3
A66: In addition to previously mentioned competencies, can estimate the potential business value of data within organization and sees which existing data sources (also unstructured ones) can still be tapped into (advising) | D66: 4
A67: Is able to determine what new data still needs to be collected to achieve organizational goals. Does not act on demand, can initiate data acquisition on own initiative (advising) | D67: 5
A69: Analysis & visualization | B69: Competency level to date | C69: Desired competency level | D69: Input value
A70: Can describe a dataset and visualize key trends for data experts | D70: 1
A71: Can analyze a dataset within a certain context/project and can use supporting visualizations. The target group are direct colleagues, fellow experts | D71: 2
A72: Can do a high-quality and value-based analysis on a dataset and make connections to the broader context. Effectively uses visualizations to support analysis. Knows how to present this to colleagues who are not data experts, but who do have affinity with data | D72: 3
A73: Can visualize and articulate an analysis in such a way that stakeholders (at any level, with and without knowledge of data) can take action on the outcomes | D73: 4
A74: Effectively uses translation and visualization of analyses to support an organization's goals and encourage stakeholders to take action | D74: 5
A76: Modeling (knowledge of and working with) | B76: Competency level to date | C76: Desired competency level | D76: Input value
A77: Does not need specific knowledge of DS models yet, but knows what (DS) models are | D77: 1
A78: Has basic knowledge of (a number of) common data science models, knows when which model can be applied, and knows how to assess the performance of (simple) models | D78: 2
A79: Has extensive knowledge of the most common models, and can recognize and convey the value of models for the business | D79: 3
A80: In addition to the above, also has knowledge of more complex models, and can see opportunities and initiate projects within organization | D80: 4
A81: In addition to the previously mentioned competencies, able to describe systems from reality in mathematics on a first-principles basis | D81: 5
A83: Statistics & mathematics | B83: Competency level to date | C83: Desired competency level | D83: Input value
A84: Basic knowledge of statistics and mathematics | D84: 1
A85: Can set up hypotheses and test them using data | D85: 2
A86: Thorougly understands the mathematical foundation of the standard models they use | D86: 3
A87: Practical knowledge of calculus, differential equations, and linear algebra | D87: 4
A88: In addition to the previously mentioned competencies, has broad (and/or extensive) knowledge of data science models and their mathematical foundation | D88: 5
A90: Domain knowledge (DS) and business-specific domain knowledge (scope) | B90: Competency level to date | C90: Desired competency level | D90: Input value
A91: Has no knowledge of the DS domain | D91: 1
A92: Has general domain knowledge in the field of DS: knows what DS is, the role it plays within the organization, and how it relates to analytics and engineering | D92: 2
A93: Has extensive knowledge of the DS domain: knows in which direction the field is moving/developing, has basic business-specific domain knowledge | D93: 3
A94: Has business-specific knowledge in one or more areas (e.g. marketing, insurance, predictive maintenance, etc.) | D94: 4
A95: Has stellar business-specific knowledge in one or more areas, can take the lead internally and externally in that field | D95: 5
A97: Deployment | B97: Competency level to date | C97: Desired competency level | D97: Input value
A98: No specific knowledge | D98: 1
A99: Can communicate what a developed model needs in terms of data, both in advance (based on availability) and in hindsight (explaining to an engineer) | D99: 2
A100: Can think along with deployment requirements, design solutions together with an engineer to deploy your own developed model | D100: 3
A101: Can formulate general deployment requirements, and develop a deployment strategy/architecture for a data science department together with engineers | D101: 4
A102: In addition to the previously mentioned competencies, can also devise specific cutting edge deployments and co-design with engineers. Think of specialized programming languages or (cloud) tools, or special (performance or legal) requirements. | D102: 5
A104: Ethics, legislation | B104: Competency level to date | C104: Desired competency level | D104: Input value
A105: Acts from a moral compass | D105: 1
A106: Has basic knowledge of the GDPR and is aware of ethical questions regarding working with data. Can make a connection between the basics of the GDPR and their own activities | D106: 2
A107: Can make a connection between ethics, the GDPR, and a project and can explain this link to colleagues in a project team | D107: 3
A108: Can analyze a project based on various ethical principles and the GDPR, and present its implications to various stakeholders to allow them to take action. Makes choices in their tasks (whether or not to execute) based on ethics and the GDPR | D108: 4
A109: Provides (un)solicited advice to organizations and their stakeholders about ethics and the GDPR. Acts as a moral compass for the organization, and inspires others to work in the same way | D109: 5
A111: Data Science Hardskills
A112: Programming | B112: Competency level to date | C112: Desired competency level | D112: Input value
A113: Knows the basics of programming languages such as Python (Jupyter Notebook) or R (Rstudio). SQL or HTML do not count. | D113: 1
A114: Knows Python/R/equivalents well enough that they can use this to build data acquisition, exploration, and modeling | D114: 2
A115: Knows their primary programming language very well (including the environments outside of Jupyter Notebook and Rstudio), and an additional programming language at the junior level | D115: 3
A116: Can contribute to the development of their own primary programming language, set up custom packages/libraries, and is seen internally as an expert in the language | D116: 4
...

Sheet Data (DO NOT EDIT!!)
E1: Digital Power Basic Skills | F1: Digital Power Basic Skills | G1: Digital Power Basic Skills | H1: Digital Power Basic Skills | I1: Digital Power Basic Skills | J1: Digital Power Basic Skills | K1: Domain skills | L1: Domain skills | M1: Domain skills | N1: Domain skills | O1: Domain skills | P1: Domain skills | Q1: Domain skills | R1: Domain skills | S1: Hardskills | T1: Hardskills | U1: Hardskills | V1: Basic Consultancy Skills | W1: Basic Consultancy Skills | X1: Basic Consultancy Skills | Y1: Basic Consultancy Skills | Z1: Basic Consultancy Skills | AA1: Business Skills | AB1: Business Skills | AC1: Business Skills | AD1: Business Skills | AE1: Business Skills | AF1: Expert Consultancy Skills | AG1: Expert Consultancy Skills | AH1: Expert Consultancy Skills | AI1: Expert Consultancy Skills | AJ1: Expert Consultancy Skills
E2: Learning & reflection | F2: Support & collaboration | G2: Entrepreneurial & result-oriented | H2: Customer-oriented | I2: Knowledge sharing | J2: Coaching & guidance | K2: Data quality | L2: Data exploration | M2: Analysis & visualization | N2: Modeling (knowledge of and working with) | O2: Statistics & mathematics | P2: Domain knowledge | Q2: Deployment | R2: Ethics, legislation | S2: Programming | T2: Engineering | U2: Machine learning | V2: Advising | W2: Decisive & problem-solving | X2: Interpersonal communication | Y2: Expectation management | Z2: Written and oral communication | AA2: Organizational and management identification | AB2: Strategic conceptualization | AC2: Project management | AD2: Change management | AE2: Leadership | AF2: Situational communication | AG2: Goal-oriented & effective communication | AH2: Decision-making | AI2: Persuading & influencing | AJ2: Constructive (negative) feedback & bad news conversations
A3: ID | B3: Name | C3: Function | D3: Specialization | E3: 1 | F3: 2 | G3: 3 | H3: 4 | I3: 5 | J3: 6 | K3: 1 | L3: 2 | M3: 3 | N3: 4 | O3: 5 | P3: 6 | Q3: 7 | R3: 8 | S3: 1 | T3: 2 | U3: 3 | V3: 1 | W3: 2 | X3: 3 | Y3: 4 | Z3: 5 | AA3: 1 | AB3: 2 | AC3: 3 | AD3: 4 | AE3: 5 | AF3: 1 | AG3: 2 | AH3: 3 | AI3: 4 | AJ3: 5
A4: Current
A5: 1 | B5: You (mandatory) | E5: =SUM(Questions!$B13:$B17)/COUNT(Questions!$B13:$B17) -> #DIV/0! | F5: =SUM(Questions!$B20:$B24)/COUNT(Questions!$B20:$B24) -> #DIV/0! | G5: =SUM(Questions!$B27:$B31)/COUNT(Questions!$B27:$B31) -> #DIV/0! | H5: =SUM(Questions!$B34:$B38)/COUNT(Questions!$B34:$B38) -> #DIV/0! | I5: =SUM(Questions!$B41:$B45)/COUNT(Questions!$B41:$B45) -> #DIV/0! | J5: =SUM(Questions!$B48:$B52)/COUNT(Questions!$B48:$B52) -> #DIV/0! | K5: =SUM(Questions!$B56:$B60)/COUNT(Questions!$B56:$B60) -> #DIV/0! | L5: =SUM(Questions!$B63:$B67)/COUNT(Questions!$B63:$B67) -> #DIV/0! | M5: =SUM(Questions!$B70:$B74)/COUNT(Questions!$B70:$B74) -> #DIV/0! | N5: =SUM(Questions!$B77:$B81)/COUNT(Questions!$B77:$B81) -> #DIV/0! | O5: =SUM(Questions!$B84:$B88)/COUNT(Questions!$B84:$B88) -> #DIV/0! | P5: =SUM(Questions!$B91:$B95)/COUNT(Questions!$B91:$B95) -> #DIV/0! | Q5: =SUM(Questions!$B98:$B102)/COUNT(Questions!$B98:$B102) -> #DIV/0! | R5: =SUM(Questions!$B105:$B109)/COUNT(Questions!$B105:$B109) -> #DIV/0! | S5: =SUM(Questions!$B113:$B117)/COUNT(Questions!$B113:$B117) -> #DIV/0! | T5: =SUM(Questions!$B120:$B124)/COUNT(Questions!$B120:$B124) -> #DIV/0! | U5: =SUM(Questions!$B127:$B131)/COUNT(Questions!$B127:$B131) -> #DIV/0! | V5: =SUM(Questions!$B135:$B139)/COUNT(Questions!$B135:$B139) -> #DIV/0! | W5: =SUM(Questions!$B142:$B146)/COUNT(Questions!$B142:$B146) -> #DIV/0! | X5: =SUM(Questions!$B149:$B153)/COUNT(Questions!$B149:$B153) -> #DIV/0! | Y5: =SUM(Questions!$B156:$B160)/COUNT(Questions!$B156:$B160) -> #DIV/0! | Z5: =SUM(Questions!$B163:$B167)/COUNT(Questions!$B163:$B167) -> #DIV/0! | AA5: =SUM(Questions!$B171:$B175)/COUNT(Questions!$B171:$B175) -> #DIV/0! | AB5: =SUM(Questions!$B178:$B182)/COUNT(Questions!$B178:$B182) -> #DIV/0! | AC5: =SUM(Questions!$B185:$B189)/COUNT(Questions!$B185:$B189) -> #DIV/0! | AD5: =SUM(Questions!$B192:$B196)/COUNT(Questions!$B192:$B196) -> #DIV/0! | AE5: =SUM(Questions!$B199:$B203)/COUNT(Questions!$B199:$B203) -> #DIV/0! | AF5: =SUM(Questions!$B207:$B211)/COUNT(Questions!$B207:$B211) -> #DIV/0! | AG5: =SUM(Questions!$B214:$B218)/COUNT(Questions!$B214:$B218) -> #DIV/0! | AH5: =SUM(Questions!$B221:$B225)/COUNT(Questions!$B221:$B225) -> #DIV/0! | AI5: =SUM(Questions!$B228:$B232)/COUNT(Questions!$B228:$B232) -> #DIV/0! | AJ5: =SUM(Questions!$B235:$B239)/COUNT(Questions!$B235:$B239) -> #DIV/0!
A6: 2 | B6: Reviewer 1 (optional)
A7: 3 | B7: Reviewer 2 (optional)
A8: 4
A9: 5
A10: 6
A11: 7
A12: 8
A13: 9
A14: 10
A16: Ambition
A17: ID | B17: Name | C17: Function | D17: Specialization | E17: 1 | F17: 2 | G17: 3 | H17: 4 | I17: 5 | J17: 6 | K17: 1 | L17: 2 | M17: 3 | N17: 4 | O17: 5 | P17: 6 | Q17: 7 | R17: 8 | S17: 1 | T17: 2 | U17: 3 | V17: 1 | W17: 2 | X17: 3 | Y17: 4 | Z17: 5 | AA17: 1 | AB17: 2 | AC17: 3 | AD17: 4 | AE17: 5 | AF17: 1 | AG17: 2 | AH17: 3 | AI17: 4 | AJ17: 5
A18: 1 | B18: You (mandatory) | C18: 0 | D18: 0 | E18: =SUM(Questions!$C13:$C17)/COUNT(Questions!$C13:$C17) -> #DIV/0! | F18: =SUM(Questions!$C20:$C24)/COUNT(Questions!$C20:$C24) -> #DIV/0! | G18: =SUM(Questions!$C27:$C31)/COUNT(Questions!$C27:$C31) -> #DIV/0! | H18: =SUM(Questions!$C34:$C38)/COUNT(Questions!$C34:$C38) -> #DIV/0! | I18: =SUM(Questions!$C41:$C45)/COUNT(Questions!$C41:$C45) -> #DIV/0! | J18: =SUM(Questions!$C48:$C52)/COUNT(Questions!$C48:$C52) -> #DIV/0! | K18: =SUM(Questions!$C56:$C60)/COUNT(Questions!$C56:$C60) -> #DIV/0! | L18: =SUM(Questions!$C63:$C67)/COUNT(Questions!$C63:$C67) -> #DIV/0! | M18: =SUM(Questions!$C70:$C74)/COUNT(Questions!$C70:$C74) -> #DIV/0! | N18: =SUM(Questions!$C77:$C81)/COUNT(Questions!$C77:$C81) -> #DIV/0! | O18: =SUM(Questions!$C84:$C88)/COUNT(Questions!$C84:$C88) -> #DIV/0! | P18: =SUM(Questions!$C91:$C95)/COUNT(Questions!$C91:$C95) -> #DIV/0! | Q18: =SUM(Questions!$C98:$C102)/COUNT(Questions!$C98:$C102) -> #DIV/0! | R18: =SUM(Questions!$C105:$C109)/COUNT(Questions!$C105:$C109) -> #DIV/0! | S18: =SUM(Questions!$C113:$C117)/COUNT(Questions!$C113:$C117) -> #DIV/0! | T18: =SUM(Questions!$C120:$C124)/COUNT(Questions!$C120:$C124) -> #DIV/0! | U18: =SUM(Questions!$C127:$C131)/COUNT(Questions!$C127:$C131) -> #DIV/0! | V18: =SUM(Questions!$C135:$C139)/COUNT(Questions!$C135:$C139) -> #DIV/0! | W18: =SUM(Questions!$C142:$C146)/COUNT(Questions!$C142:$C146) -> #DIV/0! | X18: =SUM(Questions!$C149:$C153)/COUNT(Questions!$C149:$C153) -> #DIV/0! | Y18: =SUM(Questions!$C156:$C160)/COUNT(Questions!$C156:$C160) -> #DIV/0! | Z18: =SUM(Questions!$C163:$C167)/COUNT(Questions!$C163:$C167) -> #DIV/0! | AA18: =SUM(Questions!$C171:$C175)/COUNT(Questions!$C171:$C175) -> #DIV/0! | AB18: =SUM(Questions!$C178:$C182)/COUNT(Questions!$C178:$C182) -> #DIV/0! | AC18: =SUM(Questions!$C185:$C189)/COUNT(Questions!$C185:$C189) -> #DIV/0! | AD18: =SUM(Questions!$C192:$C196)/COUNT(Questions!$C192:$C196) -> #DIV/0! | AE18: =SUM(Questions!$C199:$C203)/COUNT(Questions!$C199:$C203) -> #DIV/0! | AF18: =SUM(Questions!$C207:$C211)/COUNT(Questions!$C207:$C211) -> #DIV/0! | AG18: =SUM(Questions!$C214:$C218)/COUNT(Questions!$C214:$C218) -> #DIV/0! | AH18: =SUM(Questions!$C221:$C225)/COUNT(Questions!$C221:$C225) -> #DIV/0! | AI18: =SUM(Questions!$C228:$C232)/COUNT(Questions!$C228:$C232) -> #DIV/0! | AJ18: =SUM(Questions!$C235:$C239)/COUNT(Questions!$C235:$C239) -> #DIV/0!
A19: 2 | B19: Reviewer 1 (optional) | C19: 0 | D19: 0
A20: 3 | B20: Reviewer 2 (optional) | C20: 0 | D20: 0
A21: 4 | B21: 0 | C21: 0 | D21: 0
A22: =A9 -> 5 | B22: =B9 -> 0 | C22: =C9 -> 0 | D22: =D9 -> 0
A23: =A10 -> 6 | B23: =B10 -> 0 | C23: =C10 -> 0 | D23: =D10 -> 0
A24: =A11 -> 7 | B24: =B11 -> 0 | C24: =C11 -> 0 | D24: =D11 -> 0
A25: =A12 -> 8 | B25: =B12 -> 0 | C25: =C12 -> 0 | D25: =D12 -> 0
A26: =A13 -> 9 | B26: =B13 -> 0 | C26: =C13 -> 0 | D26: =D13 -> 0
A27: =A14 -> 10 | B27: =B14 -> 0 | C27: =C14 -> 0 | D27: =D14 -> 0

Sheet Results (DO NOT EDIT!!)
B1: ='Data (DO NOT EDIT!!)'!E1 -> Digital Power Basic Skills | C1: ='Data (DO NOT EDIT!!)'!F1 -> Digital Power Basic Skills | D1: ='Data (DO NOT EDIT!!)'!G1 -> Digital Power Basic Skills | E1: ='Data (DO NOT EDIT!!)'!H1 -> Digital Power Basic Skills | F1: ='Data (DO NOT EDIT!!)'!I1 -> Digital Power Basic Skills | G1: ='Data (DO NOT EDIT!!)'!J1 -> Digital Power Basic Skills | H1: ='Data (DO NOT EDIT!!)'!K1 -> Domain skills | I1: ='Data (DO NOT EDIT!!)'!L1 -> Domain skills | ... AG1: ='Data (DO NOT EDIT!!)'!AJ1 -> Expert Consultancy Skills
B2: ='Data (DO NOT EDIT!!)'!E2 -> Learning & reflection | C2: ='Data (DO NOT EDIT!!)'!F2 -> Support & collaboration | D2: ='Data (DO NOT EDIT!!)'!G2 -> Entrepreneurial & result-oriented | E2: ='Data (DO NOT EDIT!!)'!H2 -> Customer-oriented | F2: ='Data (DO NOT EDIT!!)'!I2 -> Knowledge sharing | G2: ='Data (DO NOT EDIT!!)'!J2 -> Coaching & guidance | H2: ='Data (DO NOT EDIT!!)'!K2 -> Data quality | I2: ='Data (DO NOT EDIT!!)'!L2 -> Data exploration | ... AG2: ='Data (DO NOT EDIT!!)'!AJ2 -> Constructive (negative) feedback & bad news conversations
B3: 1 | C3: 2 | D3: 3 | E3: 4 | F3: 5 | G3: 6 | H3: 7 | I3: 8 | J3: 9 | K3: 10 | L3: 11 | M3: 13 | N3: 14 | O3: 15 | P3: 16 | R3: 17 | S3: 19 | T3: 20 | U3: 21 | V3: 22 | W3: 23 | X3: 25 | Y3: 26 | Z3: 27 | AA3: 28 | AB3: 29 | AC3: 30 | AD3: 31 | AE3: 32 | AF3: 33 | AG3: 34
A4: Score current situation | B4: ='Data (DO NOT EDIT!!)'!E5 -> #DIV/0! | C4: ='Data (DO NOT EDIT!!)'!F5 -> #DIV/0! | D4: ='Data (DO NOT EDIT!!)'!G5 -> #DIV/0! | E4: ='Data (DO NOT EDIT!!)'!H5 -> #DIV/0! | F4: ='Data (DO NOT EDIT!!)'!I5 -> #DIV/0! | G4: ='Data (DO NOT EDIT!!)'!J5 -> #DIV/0! | H4: ='Data (DO NOT EDIT!!)'!K5 -> #DIV/0! | I4: ='Data (DO NOT EDIT!!)'!L5 -> #DIV/0! | ... AG4: ='Data (DO NOT EDIT!!)'!AJ5 -> #DIV/0!
A5: Total average | G5: =AVERAGE(B4:G4) -> #DIV/0! | O5: =AVERAGE(H4:R4) -> #DIV/0! | R5: =AVERAGE(P4:R4) -> #DIV/0! | W5: =AVERAGE(S4:W4) -> #DIV/0! | AB5: =AVERAGE(X4:AB4) -> #DIV/0! | AG5: =AVERAGE(AC4:AG4) -> #DIV/0!
A7: Score ambition | B7: ='Data (DO NOT EDIT!!)'!E18 -> #DIV/0! | C7: ='Data (DO NOT EDIT!!)'!F18 -> #DIV/0! | D7: ='Data (DO NOT EDIT!!)'!G18 -> #DIV/0! | E7: ='Data (DO NOT EDIT!!)'!H18 -> #DIV/0! | F7: ='Data (DO NOT EDIT!!)'!I18 -> #DIV/0! | G7: ='Data (DO NOT EDIT!!)'!J18 -> #DIV/0! | H7: ='Data (DO NOT EDIT!!)'!K18 -> #DIV/0! | I7: ='Data (DO NOT EDIT!!)'!L18 -> #DIV/0! | ... AG7: ='Data (DO NOT EDIT!!)'!AJ18 -> #DIV/0!
A8: Total average | G8: =AVERAGE(B7:G7) -> #DIV/0! | O8: =AVERAGE(H7:R7) -> #DIV/0! | R8: =AVERAGE(P7:R7) -> #DIV/0! | W8: =AVERAGE(S7:W7) -> #DIV/0! | AB8: =AVERAGE(X7:AB7) -> #DIV/0! | AG8: =AVERAGE(AC7:AG7) -> #DIV/0!
