Workbook

Sheet Theory
A2: Digital Power Competentiehuis | J2: Competentiegebieden

Sheet Questions
A1: Question list
A3: Example competence area | B3: For each situation, enter the corresponding value for the most appropriate competency description | F3: Instructions
A4: Example competency | B4: Competency level to date | C4: Desired competency level | D4: Input value | F4: Each competency area (6), which can be recognized by the different colours, consists of a number of specific competencies. Determine for each competency where your ambition (desired competency level) lies and where you are now (competency level to date). - Do this by scoring yourself on the indicated scale (see example) - If you have no ambition (yet) for a competence, you keep the score that reflects toward your current competency level. Determine for each competency which description best fits the situation (present/desired). Do not only look at knowledge and skills, but also at the sphere of influence and degree of (personal) leadership in your role with the customer. Create your desired profile based on your ambition! And develop those competencies that give substance to the realization of this ambition. The aim is not to test whether or not you are a good consultant within this domain. The goal is that you develop competencies that match your ambition. Be realistic when filling it out. Only then will you use it to its full potential. Good luck!
A5: Competency description example: Acts on competency A with customers. | D5: 1
A6: Competency description example: Acts with customers in addition to competency A, also on competency B. | B6: 1 | D6: 2
A7: Competency description example: Acts with customers in addition to competency A , B, and also on competency C. | B7: 3 | C7: 5 | D7: 3
A8: Competency description example: Acts with customers in addition to competency A, B, C, and also on competency D. | C8: 4 | D8: 4
A9: Competency description example: Acts with customers in addition to competency A, B, C, D and also on competency E. | D9: 5
A11: Digital Power basic competencies
A12: Learning & reflection | B12: Competency level to date | C12: Desired competency level | D12: Input value
A13: Has a growth mindset | D13: 1
A14: Receives positive and constructive feedback with an open attitude, is able to use this for self-reflection, incorporate it into their own development and undertake the necessary development with training and courses. | D14: 2
A15: In addition to the indicated external stimulus (feedback from others), is able to remain critical of their own knowledge and lack of experience. Takes the necessary actions in this respect and takes control of their own development. | D15: 3
A16: Takes on an exemplary role in the previously indicated competencies and also actively promotes them by taking on a guiding role to juniors and mediors. | D16: 4
A17: Takes on a leadership role in the indicated competencies and actively carries this out in the role of supervisor and/or by taking responsibility within the organisation. | D17: 5
A19: Support & collaboration | B19: Competency level to date | C19: Desired competency level | D19: Input value
A20: Has a collaborative mindset | D20: 1
A21: Is helpful and involved with both internal and external colleagues | D21: 2
A22: Actively seeks cooperation. Both within and outside the team that they are (temporarily) part of. | D22: 3
A23: Acts like an example in seeking cooperation. Takes responsibility to support others and provides assistance to ensure team members become self-reliant in their work. | D23: 4
A24: - | D24: 5
A26: Entrepreneurial & result-oriented | B26: Competency level to date | C26: Desired competency level | D26: Input value
A27: Has an entrepreneurial & result-oriented mindset | D27: 1
A28: Focused on acting effectively and delivering agreed work on time, within the agreed timeframe. | D28: 2
A29: In addition to the previously mentioned competencies, is able to recognize opportunities and be proactive in helping customers and/or furthering profile of DiP. Is able to translate customer objectives into concrete and practical actions. | D29: 3
A30: In addition to the previously mentioned competencies, able to increase commercial activities (such as increasing hours, generating additional assignments, etc.). Develops projects within DiP and oversees and/or guides them towards the intended result. | D30: 4
A31: In addition to the previously mentioned competencies, is responsible for the development of a specialism within DiP. This includes ensuring expertise in this domain continuously develops and stays up-to-date with the market. | D31: 5
A33: Customer-oriented | B33: Competency level to date | C33: Desired competency level | D33: Input value
A34: Has a customer-oriented mindset | D34: 1
A35: Recognizes customer needs and interests; adopts a helpful attitude and takes the needs and interests of the customer into account in their work. | D35: 2
A36: In addition to the previously mentioned competencies, actively thinks along with the client. Shares insights of the client organization within DiP in order to further expand commercial activities. Actively strives to increase customer satisfaction and improve quality of work. | D36: 3
A37: In addition to the previously mentioned competencies, stimulates and facilitates others to actively act in a customer-oriented manner. Is able to expand customer activity through expertise. Exceeds customer expectations. | D37: 4
A38: In addition to the previously mentioned competencies, bears responsibility for a customer-oriented approach. Is committed to maintaining a high level of customer focus on a structural basis. | D38: 5
A40: Knowledge sharing | B40: Competency level to date | C40: Desired competency level | D40: Input value
A41: Actively learns from the DiP organisation. | D41: 1
A42: Learns from the DiP organization and actively shares own experiences with colleagues. | D42: 2
A43: In addition to the previously stated competencies, actively shares own experiences and knowledge in DiP meet-ups, peer groups and provides training, etc. Also shares knowledge externally in meet-ups, conferences, training courses, blogs, inspiration sessions, etc. | D43: 3
A44: In addition to the previously stated activities, can act as a source of information for other consultants through acquired knowledge and experience. Also contributes to the team spirit. | D44: 4
A45: In addition to the previously mentioned activities, bears responsibility for the level of knowledge sharing. Ensures that knowledge sharing remains up to date in terms of content and frequency. | D45: 5
A47: Coaching & guidance | B47: Competency level to date | C47: Desired competency level | D47: Input value
A48: Has never (in)formally provided coaching or guidance in a professional field | D48: 1
A49: Has followed one or more trainings/courses about coaching and/or guiding in a professional field. | D49: 2
A50: Has informally coached and/or supervised one or more colleagues (within DiP) in the professional field. | D50: 3
A51: Formally supervises one or more junior/medior consultants (within DiP) in their professional development. | D51: 4
A52: Has formally supervised one or more junior/medior/senior consultants in their professional development (within DiP) for more than 4 years. | D52: 5
A54: Data Analytics domain competencies
A55: Domain knowledge | B55: Competency level to date | C55: Desired competency level | D55: Input value
A56: Has educational experience in processing and interpreting data | D56: 1
A57: Has some work experience. Can estimate which variables are necessary for an isssue, how to validate them, and apply them | D57: 2
A58: Has gained experience with several clients & fields of work | D58: 3
A59: Has knowledge of multiple disciplines next to DA and can make proposals to achieve synergy between disciplines in the organisation | D59: 4
A60: Is actively working on improving the collaboration between different disciplines within organisations | D60: 5
A62: Metrics, KPI's and goals | B62: Competency level to date | C62: Desired competency level | D62: Input value
A63: Understands the importance of data and measurability | D63: 1
A64: Understands the difference between KPIs and regular metrics | D64: 2
A65: Can translate goals into measurable KPIs, for example in a KPI framework (north-star, etc) | D65: 3
A66: Actively takes responsibility and guides clients, departments or colleagues in steering towards KPIs that align with business goals | D66: 4
A67: Is relentless in emphasizing and pushing organization-wide KPIs and how these are manifested in the lower layers of the organization. Does not run away from discussions on negotiating (ghost)KPIs that affect personnel without these being officially labelled as organization-wide KPI | D67: 5
A69: Mathematics & statistics | B69: Competency level to date | C69: Desired competency level | D69: Input value
A70: Knows the basics of statistics, mathematics and arithmetics | D70: 1
A71: Has basic knowledge of mathematics (e.g. weighted average, order of operations) and statistics (e.g. z-test, regression, significance) | D71: 2
A72: Knows which statistical test or analysis to use and knows how to perform it independently | D72: 3
A73: Can present themselves as a medior data scientist on a statistical level (apart from coding skills) | D73: 4
A74: Can present themselves as a senior data scientist on a statistical level (apart from coding skills) | D74: 5
A76: Data interpretation & analysis | B76: Competency level to date | C76: Desired competency level | D76: Input value
A77: Is aware of what assumptions are and how you can test these against certain variables | D77: 1
A78: Correctly uses the analysis process | D78: 2
A79: Has applied various methods of analysis (funnel, clustering, heatmaps) Has basic knowledge of R/Python and the possibilities within DA Has knowledge of query tools (SQL, Big Query) | D79: 3
A80: Can argue for required methods of analysis to tacke the problem at hand, and in doing so ensures the alignment of definitions and measurements/methods. Is responsible for the analysis process and providing advice on business operations beyond the department. Focuses on new research directions and hypotheses. | D80: 4
A81: Is responsible for the analysis process and proactive in pushing uniformity in measurement methods and defintions within the organization. Ensures action is taken on data-driven conclusions. Spots opportunities for organization-wide optimizations based on analyses | D81: 5
A83: Dashboarding & reporting | B83: Competency level to date | C83: Desired competency level | D83: Input value
A84: Understands the purpose of a dashboard, knows how to read and interpret it | D84: 1
A85: Is actively engaged in visualizing data and continuously looking for the best way to let the data speak for itself using visualization guidelines | D85: 2
A86: Actively engages in transferring data in presentations/reports/dashboards. Can gather requirements from stakeholders and process them iteratively. Knows how to increase the adoption of a dashboard | D86: 3
A87: Tests all metrics that emerge in presentations/dashboards/reports in an organization. Focuses on why we want to know this/why we want to measure this/what do we want to do with this | D87: 4
A88: Actively advises organizations to visualize and report their KPIs and ascribes importance to making these insights available throughout the organization | D88: 5
A90: Data Analytics Hardskills
A91: Tool knowledge | B91: Competency level to date | C91: Desired competency level | D91: Input value
A92: Has basic experience with Word/Powerpoint/Excel or similar tools | D92: 1
A93: Has work experience with 1 or 2 recent analysis tools and has basic knowledge of related tools other than analysis tools (Ad management, tag management, A|B-testing, voice of customer, etc.) | D93: 2
A94: Has work experience with multiple analysis tools and is skilled in at least one of them to the extent that they have given/can give training about it internally/externally | D94: 3
A95: Is seen as an expert in several recent tools and is therefore often a point of contact (POC) for questions about this/these tool(s). Has provided training in multiple tools or skills | D95: 4
A96: In addition to the above, has given advice on (purchase of) tools | D96: 5
A98: Implementation & data collection | B98: Competency level to date | C98: Desired competency level | D98: Input value
A99: Has global understanding of where data can come from (web/app/server/api) | D99: 1
A100: Has basic knowledge of tagging, global understanding of the technical part of web/app | D100: 2
A101: Is critical of data/context/data quality Has an understanding of technical structure web/app Competent in drawing up tag/measurement plans Competent in implementing tag/measurement plans Can suggest improvements to these points | D101: 3
A102: Has experience in applying/improving/implementing information facilities in large organizations (where requirements and coordination go beyond the team) | D102: 4
A103: Has led projects in which an organization transitioned/started with new implementation of a data collection system | D103: 5
A105: Data processing | B105: Competency level to date | C105: Desired competency level | D105: Input value
A106: Understands the concepts of where data can come from (web/app/server/api) | D106: 1
A107: Knows how data can be made usable for analysis or other (visualisation) purpose(s) and can also execute this themselves | D107: 2
A108: Has knowledge of query tools (e.g. SQL, BigQuery) and has combined multiple data sources for analyses. Has basic knowledge of R & Python and possibilities within DA | D108: 3
A109: Can independently combine multiple data sources and knows how to correctly prepare this data for use in analyses | D109: 4
A110: Can create and link data sources themselves and advises organizations on how best to make data available (towards DE) | D110: 5
A112: Data visualisation | B112: Competency level to date | C112: Desired competency level | D112: Input value
A113: Has visualized data in presentations/Word/Excel/Powerpoint/InDesign/etc. | D113: 1
A114: Has basic knowledge of one analytics- and visualization tool (Firebase/GA/Adobe/etc.) | D114: 2
A115: Expert in at least one analytics- and visualization tool | D115: 3
A116: Has worked with multiple analytics- and visualization tools and is aware of the differences between tools. Can advise customers on which one is most suitable for them | D116: 4
...

Sheet Data (DO NOT EDIT!!)
E1: 1. Digital Power Basic Skills | F1: 1. Digital Power Basic Skills | G1: 1. Digital Power Basic Skills | H1: 1. Digital Power Basic Skills | I1: 1. Digital Power Basic Skills | J1: 1. Digital Power Basic Skills | K1: 2. Domain Skills | L1: 2. Domain Skills | M1: 2. Domain Skills | N1: 2. Domain Skills | O1: 2. Domain Skills | P1: 3. Hardskills | Q1: 3. Hardskills | R1: 3. Hardskills | S1: 3. Hardskills | T1: 3. Hardskills | U1: 4. Basic Consultancy Skills | V1: 4. Basic Consultancy Skills | W1: 4. Basic Consultancy Skills | X1: 4. Basic Consultancy Skills | Y1: 4. Basic Consultancy Skills | Z1: 5. Business Skills | AA1: 5. Business Skills | AB1: 5. Business Skills | AC1: 5. Business Skills | AD1: 5. Business Skills | AE1: 6. Expert Consultancy Skills | AF1: 6. Expert Consultancy Skills | AG1: 6. Expert Consultancy Skills | AH1: 6. Expert Consultancy Skills | AI1: 6. Expert Consultancy Skills
E2: Learning & reflection | F2: Support & collaboration | G2: Entrepreneurial & result-oriented | H2: Customer-oriented | I2: Knowledge sharing | J2: Coaching & guidance | K2: Domain knowledge | L2: Metrics, KPI's and goals | M2: Mathematics & statistics | N2: Data interpretation & analysis | O2: Dashboarding & reporting | P2: Tool knowledge | Q2: Implementation & data collection | R2: Data processing | S2: Data visualisation | T2: Legal & ethical boundaries | U2: Advising | V2: Decisive & problem-solving | W2: Interpersonal communication | X2: Expectation management | Y2: Written and oral communication | Z2: Organizational and management identification | AA2: Strategic conceptualization | AB2: Project management | AC2: Change management | AD2: Leadership | AE2: Situational communication | AF2: Goal-oriented & effective communication | AG2: Decision-making | AH2: Persuading & influencing | AI2: Constructive (negative) feedback & bad news conversations
A3: ID | B3: Name | C3: Function | D3: Specialization | E3: 1 | F3: 2 | G3: 3 | H3: 4 | I3: 5 | J3: 6 | K3: 1 | L3: 2 | M3: 3 | N3: 4 | O3: 5 | P3: 1 | Q3: 2 | R3: 3 | S3: 4 | T3: 5 | U3: 1 | V3: 2 | W3: 3 | X3: 4 | Y3: 5 | Z3: 1 | AA3: 2 | AB3: 3 | AC3: 4 | AD3: 5 | AE3: 1 | AF3: 2 | AG3: 3 | AH3: 4 | AI3: 5
A4: Current
A5: 1 | B5: You (mandatory) | E5: =SUM(Questions!$B13:$B17)/COUNT(Questions!$B13:$B17) -> #DIV/0! | F5: =SUM(Questions!$B20:$B24)/COUNT(Questions!$B20:$B24) -> #DIV/0! | G5: =SUM(Questions!$B27:$B31)/COUNT(Questions!$B27:$B31) -> #DIV/0! | H5: =SUM(Questions!$B34:$B38)/COUNT(Questions!$B34:$B38) -> #DIV/0! | I5: =SUM(Questions!$B41:$B45)/COUNT(Questions!$B41:$B45) -> #DIV/0! | J5: =SUM(Questions!$B48:$B52)/COUNT(Questions!$B48:$B52) -> #DIV/0! | K5: =SUM(Questions!$B56:$B60)/COUNT(Questions!$B56:$B60) -> #DIV/0! | L5: =SUM(Questions!$B63:$B67)/COUNT(Questions!$B63:$B67) -> #DIV/0! | M5: =SUM(Questions!$B70:$B74)/COUNT(Questions!$B70:$B74) -> #DIV/0! | N5: =SUM(Questions!$B77:$B81)/COUNT(Questions!$B77:$B81) -> #DIV/0! | O5: =SUM(Questions!$B84:$B88)/COUNT(Questions!$B84:$B88) -> #DIV/0! | P5: =SUM(Questions!$B92:$B96)/COUNT(Questions!$B92:$B96) -> #DIV/0! | Q5: =SUM(Questions!$B99:$B103)/COUNT(Questions!$B99:$B103) -> #DIV/0! | R5: =SUM(Questions!$B106:$B110)/COUNT(Questions!$B106:$B110) -> #DIV/0! | S5: =SUM(Questions!$B113:$B117)/COUNT(Questions!$B113:$B117) -> #DIV/0! | T5: =SUM(Questions!$B120:$B124)/COUNT(Questions!$B120:$B124) -> #DIV/0! | U5: =SUM(Questions!$B128:$B132)/COUNT(Questions!$B128:$B132) -> #DIV/0! | V5: =SUM(Questions!$B135:$B139)/COUNT(Questions!$B135:$B139) -> #DIV/0! | W5: =SUM(Questions!$B142:$B146)/COUNT(Questions!$B142:$B146) -> #DIV/0! | X5: =SUM(Questions!$B149:$B153)/COUNT(Questions!$B149:$B153) -> #DIV/0! | Y5: =SUM(Questions!$B156:$B160)/COUNT(Questions!$B156:$B160) -> #DIV/0! | Z5: =SUM(Questions!$B164:$B168)/COUNT(Questions!$B164:$B168) -> #DIV/0! | AA5: =SUM(Questions!$B171:$B175)/COUNT(Questions!$B171:$B175) -> #DIV/0! | AB5: =SUM(Questions!$B178:$B182)/COUNT(Questions!$B178:$B182) -> #DIV/0! | AC5: =SUM(Questions!$B185:$B189)/COUNT(Questions!$B185:$B189) -> #DIV/0! | AD5: =SUM(Questions!$B192:$B196)/COUNT(Questions!$B192:$B196) -> #DIV/0! | AE5: =SUM(Questions!$B200:$B204)/COUNT(Questions!$B200:$B204) -> #DIV/0! | AF5: =SUM(Questions!$B207:$B211)/COUNT(Questions!$B207:$B211) -> #DIV/0! | AG5: =SUM(Questions!$B214:$B218)/COUNT(Questions!$B214:$B218) -> #DIV/0! | AH5: =SUM(Questions!$B221:$B225)/COUNT(Questions!$B221:$B225) -> #DIV/0! | AI5: =SUM(Questions!$B228:$B232)/COUNT(Questions!$B228:$B232) -> #DIV/0!
A6: 2 | B6: Reviewer 1 (optional)
A7: 3 | B7: Reviewer 2 (optional)
A8: 4
A9: 5
A10: 6
A11: 7
A12: 8
A13: 9
A14: 10
A16: Ambition
A17: ID | B17: Name | C17: Function | D17: Specialization | E17: 1 | F17: 2 | G17: 3 | H17: 4 | I17: 5 | J17: 6 | K17: 1 | L17: 2 | M17: 3 | N17: 4 | O17: 5 | P17: 1 | Q17: 2 | R17: 3 | S17: 4 | T17: 5 | U17: 1 | V17: 2 | W17: 3 | X17: 4 | Y17: 5 | Z17: 1 | AA17: 2 | AB17: 3 | AC17: 4 | AD17: 5 | AE17: 1 | AF17: 2 | AG17: 3 | AH17: 4 | AI17: 5
A18: =A5 -> 1 | B18: You (mandatory) | C18: =C5 -> 0 | D18: =D5 -> 0 | E18: =SUM(Questions!$C13:$C17)/COUNT(Questions!$C13:$C17) -> #DIV/0! | F18: =SUM(Questions!$C20:$C24)/COUNT(Questions!$C20:$C24) -> #DIV/0! | G18: =SUM(Questions!$C27:$C31)/COUNT(Questions!$C27:$C31) -> #DIV/0! | H18: =SUM(Questions!$C34:$C38)/COUNT(Questions!$C34:$C38) -> #DIV/0! | I18: =SUM(Questions!$C41:$C45)/COUNT(Questions!$C41:$C45) -> #DIV/0! | J18: =SUM(Questions!$C48:$C52)/COUNT(Questions!$C48:$C52) -> #DIV/0! | K18: =SUM(Questions!$C56:$C60)/COUNT(Questions!$C56:$C60) -> #DIV/0! | L18: =SUM(Questions!$C63:$C67)/COUNT(Questions!$C63:$C67) -> #DIV/0! | M18: =SUM(Questions!$C70:$C74)/COUNT(Questions!$C70:$C74) -> #DIV/0! | N18: =SUM(Questions!$C77:$C81)/COUNT(Questions!$C77:$C81) -> #DIV/0! | O18: =SUM(Questions!$C84:$C88)/COUNT(Questions!$C84:$C88) -> #DIV/0! | P18: =SUM(Questions!$C92:$C96)/COUNT(Questions!$C92:$C96) -> #DIV/0! | Q18: =SUM(Questions!$C99:$C103)/COUNT(Questions!$C99:$C103) -> #DIV/0! | R18: =SUM(Questions!$C106:$C110)/COUNT(Questions!$C106:$C110) -> #DIV/0! | S18: =SUM(Questions!$C113:$C117)/COUNT(Questions!$C113:$C117) -> #DIV/0! | T18: =SUM(Questions!$C120:$C124)/COUNT(Questions!$C120:$C124) -> #DIV/0! | U18: =SUM(Questions!$C128:$C132)/COUNT(Questions!$C128:$C132) -> #DIV/0! | V18: =SUM(Questions!$C135:$C139)/COUNT(Questions!$C135:$C139) -> #DIV/0! | W18: =SUM(Questions!$C142:$C146)/COUNT(Questions!$C142:$C146) -> #DIV/0! | X18: =SUM(Questions!$C149:$C153)/COUNT(Questions!$C149:$C153) -> #DIV/0! | Y18: =SUM(Questions!$C156:$C160)/COUNT(Questions!$C156:$C160) -> #DIV/0! | Z18: =SUM(Questions!$C164:$C168)/COUNT(Questions!$C164:$C168) -> #DIV/0! | AA18: =SUM(Questions!$C171:$C175)/COUNT(Questions!$C171:$C175) -> #DIV/0! | AB18: =SUM(Questions!$C178:$C182)/COUNT(Questions!$C178:$C182) -> #DIV/0! | AC18: =SUM(Questions!$C185:$C189)/COUNT(Questions!$C185:$C189) -> #DIV/0! | AD18: =SUM(Questions!$C192:$C196)/COUNT(Questions!$C192:$C196) -> #DIV/0! | AE18: =SUM(Questions!$C200:$C204)/COUNT(Questions!$C200:$C204) -> #DIV/0! | AF18: =SUM(Questions!$C207:$C211)/COUNT(Questions!$C207:$C211) -> #DIV/0! | AG18: =SUM(Questions!$C214:$C218)/COUNT(Questions!$C214:$C218) -> #DIV/0! | AH18: =SUM(Questions!$C221:$C225)/COUNT(Questions!$C221:$C225) -> #DIV/0! | AI18: =SUM(Questions!$C228:$C232)/COUNT(Questions!$C228:$C232) -> #DIV/0!
A19: =A6 -> 2 | B19: Reviewer 1 (optional) | C19: =C6 -> 0 | D19: =D6 -> 0
A20: =A7 -> 3 | B20: Reviewer 2 (optional) | C20: =C7 -> 0 | D20: =D7 -> 0
A21: =A8 -> 4 | B21: =B8 -> 0 | C21: =C8 -> 0 | D21: =D8 -> 0
A22: =A9 -> 5 | B22: =B9 -> 0 | C22: =C9 -> 0 | D22: =D9 -> 0
A23: =A10 -> 6 | B23: =B10 -> 0 | C23: =C10 -> 0 | D23: =D10 -> 0
A24: =A11 -> 7 | B24: =B11 -> 0 | C24: =C11 -> 0 | D24: =D11 -> 0
A25: =A12 -> 8 | B25: =B12 -> 0 | C25: =C12 -> 0 | D25: =D12 -> 0
A26: =A13 -> 9 | B26: =B13 -> 0 | C26: =C13 -> 0 | D26: =D13 -> 0
A27: =A14 -> 10 | B27: =B14 -> 0 | C27: =C14 -> 0 | D27: =D14 -> 0

Sheet Results (DO NOT EDIT!!)
B1: ='Data (DO NOT EDIT!!)'!E1 -> 1. Digital Power Basic Skills | C1: ='Data (DO NOT EDIT!!)'!F1 -> 1. Digital Power Basic Skills | D1: ='Data (DO NOT EDIT!!)'!G1 -> 1. Digital Power Basic Skills | E1: ='Data (DO NOT EDIT!!)'!H1 -> 1. Digital Power Basic Skills | F1: ='Data (DO NOT EDIT!!)'!I1 -> 1. Digital Power Basic Skills | G1: ='Data (DO NOT EDIT!!)'!J1 -> 1. Digital Power Basic Skills | H1: ='Data (DO NOT EDIT!!)'!K1 -> 2. Domain Skills | I1: ='Data (DO NOT EDIT!!)'!L1 -> 2. Domain Skills | ... AF1: ='Data (DO NOT EDIT!!)'!AI1 -> 6. Expert Consultancy Skills
B2: ='Data (DO NOT EDIT!!)'!E2 -> Learning & reflection | C2: ='Data (DO NOT EDIT!!)'!F2 -> Support & collaboration | D2: ='Data (DO NOT EDIT!!)'!G2 -> Entrepreneurial & result-oriented | E2: ='Data (DO NOT EDIT!!)'!H2 -> Customer-oriented | F2: ='Data (DO NOT EDIT!!)'!I2 -> Knowledge sharing | G2: ='Data (DO NOT EDIT!!)'!J2 -> Coaching & guidance | H2: ='Data (DO NOT EDIT!!)'!K2 -> Domain knowledge | I2: ='Data (DO NOT EDIT!!)'!L2 -> Metrics, KPI's and goals | ... AF2: ='Data (DO NOT EDIT!!)'!AI2 -> Constructive (negative) feedback & bad news conversations
B3: 1 | C3: 2 | D3: 3 | E3: 4 | F3: 5 | G3: 6 | H3: 7 | I3: 8 | J3: 9 | K3: 10 | L3: 11 | M3: 13 | N3: 14 | O3: 15 | P3: 16 | Q3: 17 | R3: 19 | S3: 20 | T3: 21 | U3: 22 | V3: 23 | W3: 25 | X3: 26 | Y3: 27 | Z3: 28 | AA3: 29 | AB3: 30 | AC3: 31 | AD3: 32 | AE3: 33 | AF3: 34
A4: Score current situation | B4: ='Data (DO NOT EDIT!!)'!E5 -> #DIV/0! | C4: ='Data (DO NOT EDIT!!)'!F5 -> #DIV/0! | D4: ='Data (DO NOT EDIT!!)'!G5 -> #DIV/0! | E4: ='Data (DO NOT EDIT!!)'!H5 -> #DIV/0! | F4: ='Data (DO NOT EDIT!!)'!I5 -> #DIV/0! | G4: ='Data (DO NOT EDIT!!)'!J5 -> #DIV/0! | H4: ='Data (DO NOT EDIT!!)'!K5 -> #DIV/0! | I4: ='Data (DO NOT EDIT!!)'!L5 -> #DIV/0! | ... AF4: ='Data (DO NOT EDIT!!)'!AI5 -> #DIV/0!
A5: Total average | G5: =AVERAGE(B4:G4) -> #DIV/0! | L5: =AVERAGE(H4:L4) -> #DIV/0! | Q5: =AVERAGE(M4:Q4) -> #DIV/0! | V5: =AVERAGE(R4:V4) -> #DIV/0! | AA5: =AVERAGE(W4:AA4) -> #DIV/0! | AF5: =AVERAGE(AB4:AF4) -> #DIV/0!
A7: Score ambition | B7: ='Data (DO NOT EDIT!!)'!E18 -> #DIV/0! | C7: ='Data (DO NOT EDIT!!)'!F18 -> #DIV/0! | D7: ='Data (DO NOT EDIT!!)'!G18 -> #DIV/0! | E7: ='Data (DO NOT EDIT!!)'!H18 -> #DIV/0! | F7: ='Data (DO NOT EDIT!!)'!I18 -> #DIV/0! | G7: ='Data (DO NOT EDIT!!)'!J18 -> #DIV/0! | H7: ='Data (DO NOT EDIT!!)'!K18 -> #DIV/0! | I7: ='Data (DO NOT EDIT!!)'!L18 -> #DIV/0! | ... AF7: ='Data (DO NOT EDIT!!)'!AI18 -> #DIV/0!
A8: Total average | G8: =AVERAGE(B7:G7) -> #DIV/0! | L8: =AVERAGE(H7:L7) -> #DIV/0! | Q8: =AVERAGE(M7:Q7) -> #DIV/0! | V8: =AVERAGE(R7:V7) -> #DIV/0! | AA8: =AVERAGE(W7:AA7) -> #DIV/0! | AF8: =AVERAGE(AB7:AF7) -> #DIV/0!
